product_id,sku,original_url,local_path,seo_filename,alt_text,title,jewelry_type,material,emerald_type
MUZEM_001,MUZ-YG18-RNG-001,https://muzem.co/wp-content/uploads/2026/02/IMG_1565.jpg,/mnt/okcomputer/output/raw_images/MUZEM_001_18k_Yellow_Gold_Ring_with_Colombian_Natural_Emeral.jpg,muzem-ring-yellow-gold-natural-muzem_001.jpg,MUZEM 18k Yellow Gold Ring with Colombian Natural Emerald and Diamonds AN2243 - Colombian Emerald Natural in 18k Yellow Gold,18k Yellow Gold Ring with Colombian Natural Emerald and Diamonds AN2243,Ring,18k Yellow Gold,Natural
MUZEM_002,MUZ-YG18-RNG-002,https://muzem.co/wp-content/uploads/2026/02/IMG_1612.jpg,/mnt/okcomputer/output/raw_images/MUZEM_002_18k_Yellow_Gold_Ring_with_Natural_Colombian_Emeral.jpg,muzem-ring-yellow-gold-drop-cut-muzem_002.jpg,MUZEM 18k Yellow Gold Ring with Natural Colombian Emerald Drop Cut M-AN08 - Colombian Emerald Drop Cut in 18k Yellow Gold,18k Yellow Gold Ring with Natural Colombian Emerald Drop Cut M-AN08,Ring,18k Yellow Gold,Drop Cut
MUZEM_003,MUZ-YG18-RNG-003,https://muzem.co/wp-content/uploads/2026/02/IMG_1617.jpg,/mnt/okcomputer/output/raw_images/MUZEM_003_18k_Yellow_Gold_Ring_with_Natural_Colombian_Emeral.jpg,muzem-ring-yellow-gold-oval-muzem_003.jpg,MUZEM 18k Yellow Gold Ring with Natural Colombian Emerald Oval Size M-AN38 - Colombian Emerald Oval in 18k Yellow Gold,18k Yellow Gold Ring with Natural Colombian Emerald Oval Size M-AN38,Ring,18k Yellow Gold,Oval
MUZEM_004,MUZ-YG18-RNG-004,https://muzem.co/wp-content/uploads/2026/01/IMG_1557.jpg,/mnt/okcomputer/output/raw_images/MUZEM_004_18k_Yellow_Gold_Ring_with_Natural_Colombian_Emeral.jpg,muzem-ring-yellow-gold-rectangular-muzem_004.jpg,MUZEM 18k Yellow Gold Ring with Natural Colombian Emerald Rectangular Cut AN2458 - Colombian Emerald Rectangular in 18k Yellow Gold,18k Yellow Gold Ring with Natural Colombian Emerald Rectangular Cut AN2458,Ring,18k Yellow Gold,Rectangular
MUZEM_005,MUZ-SV925-ERR-005,https://muzem.co/wp-content/uploads/2025/05/AR001-1.jpg,/mnt/okcomputer/output/raw_images/MUZEM_005_Aretes_en_plata_con_Esmeralda_Natural_Tallada_AR00.jpg,muzem-earrings-silver-carved-muzem_005.jpg,MUZEM Aretes en plata con Esmeralda Natural Tallada AR001 - Colombian Emerald Carved in Silver,Aretes en plata con Esmeralda Natural Tallada AR001,Earrings,Silver,Carved
MUZEM_006,MUZ-YG18-BRC-006,https://muzem.co/wp-content/uploads/2025/03/PL94-3.jpg,/mnt/okcomputer/output/raw_images/MUZEM_006_Bracelet_in_yellow_gold_PL94.jpg,muzem-bracelet-yellow-gold-natural-muzem_006.jpg,MUZEM Bracelet in yellow gold PL94 - Colombian Emerald Natural in 18k Yellow Gold,Bracelet in yellow gold PL94,Bracelet,18k Yellow Gold,Natural
MUZEM_007,MUZ-WG18-BRC-007,https://muzem.co/wp-content/uploads/2025/05/PL86_9donofxwavl_2025-05-20-15-14-24.jpg,/mnt/okcomputer/output/raw_images/MUZEM_007_Bracelet_white_gold_PL86.jpg,muzem-bracelet-white-gold-natural-muzem_007.jpg,MUZEM Bracelet white gold PL86 - Colombian Emerald Natural in White Gold,Bracelet white gold PL86,Bracelet,White Gold,Natural
MUZEM_008,MUZ-OTH-BRC-008,https://muzem.co/wp-content/uploads/2025/05/PL06-3.jpg,/mnt/okcomputer/output/raw_images/MUZEM_008_Bracelet_with_natural_Emerald_PL06.jpg,muzem-bracelet-other-natural-muzem_008.jpg,MUZEM Bracelet with natural Emerald PL06 - Colombian Emerald Natural in Other,Bracelet with natural Emerald PL06,Bracelet,Other,Natural
MUZEM_009,MUZ-OTH-BRC-009,https://muzem.co/wp-content/uploads/2025/05/PL07-1.jpg,/mnt/okcomputer/output/raw_images/MUZEM_009_Bracelet_with_natural_Emerald_PL07.jpg,muzem-bracelet-other-natural-muzem_009.jpg,MUZEM Bracelet with natural Emerald PL07 - Colombian Emerald Natural in Other,Bracelet with natural Emerald PL07,Bracelet,Other,Natural
MUZEM_010,MUZ-OTH-BRC-010,https://muzem.co/wp-content/uploads/2025/05/PL03_6c0o305xrym_2025-05-28-09-51-56.jpg,/mnt/okcomputer/output/raw_images/MUZEM_010_Bracelet_with_natural_Emerald_PL08.jpg,muzem-bracelet-other-natural-muzem_010.jpg,MUZEM Bracelet with natural Emerald PL08 - Colombian Emerald Natural in Other,Bracelet with natural Emerald PL08,Bracelet,Other,Natural
MUZEM_011,MUZ-YG18-BRC-011,https://muzem.co/wp-content/uploads/2025/05/PL143_75rvzfe81p9_2025-05-30-10-28-38.jpg,/mnt/okcomputer/output/raw_images/MUZEM_011_Bracelet_yellow_gold_PL143.jpg,muzem-bracelet-yellow-gold-natural-muzem_011.jpg,MUZEM Bracelet yellow gold PL143 - Colombian Emerald Natural in 18k Yellow Gold,Bracelet yellow gold PL143,Bracelet,18k Yellow Gold,Natural
MUZEM_012,MUZ-YG18-BRC-012,https://muzem.co/wp-content/uploads/2025/05/PL80-4.jpg,/mnt/okcomputer/output/raw_images/MUZEM_012_Bracelet_yellow_gold_PL80.jpg,muzem-bracelet-yellow-gold-natural-muzem_012.jpg,MUZEM Bracelet yellow gold PL80 - Colombian Emerald Natural in 18k Yellow Gold,Bracelet yellow gold PL80,Bracelet,18k Yellow Gold,Natural
MUZEM_013,MUZ-WG18-CHN-013,https://muzem.co/wp-content/uploads/2025/03/CD1401-2.jpg,/mnt/okcomputer/output/raw_images/MUZEM_013_Chain_in_white_gold_CD1401.jpg,muzem-chain-white-gold-natural-muzem_013.jpg,MUZEM Chain in white gold CD1401 - Colombian Emerald Natural in White Gold,Chain in white gold CD1401,Chain,White Gold,Natural
MUZEM_014,MUZ-WG18-CHN-014,https://muzem.co/wp-content/uploads/2025/03/CD1553-1.jpg,/mnt/okcomputer/output/raw_images/MUZEM_014_Chain_in_white_gold_CD1553.jpg,muzem-chain-white-gold-natural-muzem_014.jpg,MUZEM Chain in white gold CD1553 - Colombian Emerald Natural in White Gold,Chain in white gold CD1553,Chain,White Gold,Natural
MUZEM_015,MUZ-SV925-RNG-015,https://muzem.co/wp-content/uploads/2025/06/AR005-4.jpg,/mnt/okcomputer/output/raw_images/MUZEM_015_Earrings_in_silver_AR005.jpg,muzem-ring-silver-natural-muzem_015.jpg,MUZEM Earrings in silver AR005 - Colombian Emerald Natural in Silver,Earrings in silver AR005,Ring,Silver,Natural
MUZEM_016,MUZ-SV925-RNG-016,https://muzem.co/wp-content/uploads/2025/03/AR00-4.jpg,/mnt/okcomputer/output/raw_images/MUZEM_016_Earrings_in_silver_AR006.jpg,muzem-ring-silver-natural-muzem_016.jpg,MUZEM Earrings in silver AR006 - Colombian Emerald Natural in Silver,Earrings in silver AR006,Ring,Silver,Natural
MUZEM_017,MUZ-SV925-RNG-017,https://muzem.co/wp-content/uploads/2025/05/AR01-2.jpg,/mnt/okcomputer/output/raw_images/MUZEM_017_Earrings_in_silver_AR007.jpg,muzem-ring-silver-natural-muzem_017.jpg,MUZEM Earrings in silver AR007 - Colombian Emerald Natural in Silver,Earrings in silver AR007,Ring,Silver,Natural
MUZEM_018,MUZ-SV925-RNG-018,https://muzem.co/wp-content/uploads/2025/05/AR02-4.jpg,/mnt/okcomputer/output/raw_images/MUZEM_018_Earrings_in_silver_AR008.jpg,muzem-ring-silver-natural-muzem_018.jpg,MUZEM Earrings in silver AR008 - Colombian Emerald Natural in Silver,Earrings in silver AR008,Ring,Silver,Natural
MUZEM_019,MUZ-SV925-RNG-019,https://muzem.co/wp-content/uploads/2025/06/AR009-1.jpg,/mnt/okcomputer/output/raw_images/MUZEM_019_Earrings_in_silver_AR009.jpg,muzem-ring-silver-natural-muzem_019.jpg,MUZEM Earrings in silver AR009 - Colombian Emerald Natural in Silver,Earrings in silver AR009,Ring,Silver,Natural
MUZEM_020,MUZ-SV925-RNG-020,https://muzem.co/wp-content/uploads/2025/06/AR010_8pwjpysqxja_2025-06-28-13-57-15.jpg,/mnt/okcomputer/output/raw_images/MUZEM_020_Earrings_in_silver_AR010.jpg,muzem-ring-silver-natural-muzem_020.jpg,MUZEM Earrings in silver AR010 - Colombian Emerald Natural in Silver,Earrings in silver AR010,Ring,Silver,Natural
MUZEM_021,MUZ-SV925-RNG-021,https://muzem.co/wp-content/uploads/2025/05/AR002-1-1.jpg,/mnt/okcomputer/output/raw_images/MUZEM_021_Earrings_in_silver_with_carved_natural_emerald_AR0.jpg,muzem-ring-silver-carved-muzem_021.jpg,MUZEM Earrings in silver with carved natural emerald AR002 - Colombian Emerald Carved in Silver,Earrings in silver with carved natural emerald AR002,Ring,Silver,Carved
MUZEM_022,MUZ-SV925-RNG-022,https://muzem.co/wp-content/uploads/2025/05/AR003-4.jpg,/mnt/okcomputer/output/raw_images/MUZEM_022_Earrings_in_silver_with_carved_natural_emerald_AR0.jpg,muzem-ring-silver-carved-muzem_022.jpg,MUZEM Earrings in silver with carved natural emerald AR003 - Colombian Emerald Carved in Silver,Earrings in silver with carved natural emerald AR003,Ring,Silver,Carved
MUZEM_023,MUZ-SV925-RNG-023,https://muzem.co/wp-content/uploads/2025/05/AR004-4.jpg,/mnt/okcomputer/output/raw_images/MUZEM_023_Earrings_in_silver_with_Natural_Emerald_Carved_AR0.jpg,muzem-ring-silver-carved-muzem_023.jpg,MUZEM Earrings in silver with Natural Emerald Carved AR004 - Colombian Emerald Carved in Silver,Earrings in silver with Natural Emerald Carved AR004,Ring,Silver,Carved
MUZEM_024,MUZ-WG18-RNG-024,https://muzem.co/wp-content/uploads/2025/07/AR1981-3.jpg,/mnt/okcomputer/output/raw_images/MUZEM_024_Earrings_in_white_gold_AR1981.jpg,muzem-ring-white-gold-natural-muzem_024.jpg,MUZEM Earrings in white gold AR1981 - Colombian Emerald Natural in White Gold,Earrings in white gold AR1981,Ring,White Gold,Natural
MUZEM_025,MUZ-YG18-RNG-025,https://muzem.co/wp-content/uploads/2025/07/AR2437-3.jpg,/mnt/okcomputer/output/raw_images/MUZEM_025_Earrings_in_yellow_gold_AR2437.jpg,muzem-ring-yellow-gold-natural-muzem_025.jpg,MUZEM Earrings in yellow gold AR2437 - Colombian Emerald Natural in 18k Yellow Gold,Earrings in yellow gold AR2437,Ring,18k Yellow Gold,Natural
MUZEM_026,MUZ-YG18-RNG-026,https://muzem.co/wp-content/uploads/2025/08/AR2490-3.jpg,/mnt/okcomputer/output/raw_images/MUZEM_026_Earrings_in_yellow_gold_AR2490.jpg,muzem-ring-yellow-gold-natural-muzem_026.jpg,MUZEM Earrings in yellow gold AR2490 - Colombian Emerald Natural in 18k Yellow Gold,Earrings in yellow gold AR2490,Ring,18k Yellow Gold,Natural
MUZEM_027,MUZ-YG18-RNG-027,https://muzem.co/wp-content/uploads/2025/06/AR2882-4.jpg,/mnt/okcomputer/output/raw_images/MUZEM_027_Earrings_in_yellow_gold_AR2882.jpg,muzem-ring-yellow-gold-natural-muzem_027.jpg,MUZEM Earrings in yellow gold AR2882 - Colombian Emerald Natural in 18k Yellow Gold,Earrings in yellow gold AR2882,Ring,18k Yellow Gold,Natural
MUZEM_028,MUZ-YG18-RNG-028,https://muzem.co/wp-content/uploads/2025/03/AR2270.2.jpg,/mnt/okcomputer/output/raw_images/MUZEM_028_Earrings_Yellow_Gold_AR2270.jpg,muzem-ring-yellow-gold-natural-muzem_028.jpg,MUZEM Earrings Yellow Gold AR2270 - Colombian Emerald Natural in 18k Yellow Gold,Earrings Yellow Gold AR2270,Ring,18k Yellow Gold,Natural
MUZEM_029,MUZ-YG18-RNG-029,https://muzem.co/wp-content/uploads/2025/04/AR2725-1.jpg,/mnt/okcomputer/output/raw_images/MUZEM_029_Earrings_yellow_gold_AR2725.jpg,muzem-ring-yellow-gold-natural-muzem_029.jpg,MUZEM Earrings yellow gold AR2725 - Colombian Emerald Natural in 18k Yellow Gold,Earrings yellow gold AR2725,Ring,18k Yellow Gold,Natural
MUZEM_030,MUZ-YG18-PND-030,https://muzem.co/wp-content/uploads/2025/06/DJ2416-4.jpg,/mnt/okcomputer/output/raw_images/MUZEM_030_Pendant_in_18k_yellow_gold_with_carved_natural_eme.jpg,muzem-pendant-yellow-gold-carved-muzem_030.jpg,MUZEM Pendant in 18k yellow gold with carved natural emerald DJ2416 - Colombian Emerald Carved in 18k Yellow Gold,Pendant in 18k yellow gold with carved natural emerald DJ2416,Pendant,18k Yellow Gold,Carved
MUZEM_031,MUZ-YG18-PND-031,https://muzem.co/wp-content/uploads/2025/06/DJ2420-3.jpeg,/mnt/okcomputer/output/raw_images/MUZEM_031_Pendant_in_18k_yellow_gold_with_carved_natural_eme.jpg,muzem-pendant-yellow-gold-carved-muzem_031.jpg,MUZEM Pendant in 18k yellow gold with carved natural emerald DJ2420 - Colombian Emerald Carved in 18k Yellow Gold,Pendant in 18k yellow gold with carved natural emerald DJ2420,Pendant,18k Yellow Gold,Carved
MUZEM_032,MUZ-YG18-PND-032,https://muzem.co/wp-content/uploads/2025/06/DJ2426-2.jpg,/mnt/okcomputer/output/raw_images/MUZEM_032_Pendant_in_18k_yellow_gold_with_carved_natural_eme.jpg,muzem-pendant-yellow-gold-carved-muzem_032.jpg,MUZEM Pendant in 18k yellow gold with carved natural emerald DJ2426 - Colombian Emerald Carved in 18k Yellow Gold,Pendant in 18k yellow gold with carved natural emerald DJ2426,Pendant,18k Yellow Gold,Carved
MUZEM_033,MUZ-YG18-PND-033,https://muzem.co/wp-content/uploads/2025/06/DJ2439-2.jpeg,/mnt/okcomputer/output/raw_images/MUZEM_033_Pendant_in_18k_yellow_gold_with_carved_natural_Eme.jpg,muzem-pendant-yellow-gold-carved-muzem_033.jpg,MUZEM Pendant in 18k yellow gold with carved natural Emerald DJ2439 - Colombian Emerald Carved in 18k Yellow Gold,Pendant in 18k yellow gold with carved natural Emerald DJ2439,Pendant,18k Yellow Gold,Carved
MUZEM_034,MUZ-YG18-PND-034,https://muzem.co/wp-content/uploads/2025/06/DJ2451_so9gfujy0mk_2025-06-16-17-38-56.jpg,/mnt/okcomputer/output/raw_images/MUZEM_034_Pendant_in_18k_yellow_gold_with_trapiche_emeralds_.jpg,muzem-pendant-yellow-gold-trapiche-muzem_034.jpg,MUZEM Pendant in 18k yellow gold with trapiche emeralds DJ2451 - Colombian Emerald Trapiche in 18k Yellow Gold,Pendant in 18k yellow gold with trapiche emeralds DJ2451,Pendant,18k Yellow Gold,Trapiche
MUZEM_035,MUZ-SV925-PND-035,https://muzem.co/wp-content/uploads/2025/03/DJ00-5.jpg,/mnt/okcomputer/output/raw_images/MUZEM_035_Pendant_in_silver_DJ00.jpg,muzem-pendant-silver-natural-muzem_035.jpg,MUZEM Pendant in silver DJ00 - Colombian Emerald Natural in Silver,Pendant in silver DJ00,Pendant,Silver,Natural
MUZEM_036,MUZ-SV925-PND-036,https://muzem.co/wp-content/uploads/2025/06/DJ1009_5ysl6ivrrvn_2025-06-13-11-29-39.jpg,/mnt/okcomputer/output/raw_images/MUZEM_036_Pendant_in_silver_DJ010.jpg,muzem-pendant-silver-natural-muzem_036.jpg,MUZEM Pendant in silver DJ010 - Colombian Emerald Natural in Silver,Pendant in silver DJ010,Pendant,Silver,Natural
MUZEM_037,MUZ-SV925-PND-037,https://muzem.co/wp-content/uploads/2025/03/DJ1000-4.jpg,/mnt/okcomputer/output/raw_images/MUZEM_037_Pendant_in_silver_with_carved_natural_emerald_DJ00.jpg,muzem-pendant-silver-carved-muzem_037.jpg,MUZEM Pendant in silver with carved natural emerald DJ001 - Colombian Emerald Carved in Silver,Pendant in silver with carved natural emerald DJ001,Pendant,Silver,Carved
MUZEM_038,MUZ-SV925-PND-038,https://muzem.co/wp-content/uploads/2025/05/DJ1001-1.jpg,/mnt/okcomputer/output/raw_images/MUZEM_038_Pendant_in_silver_with_carved_natural_emerald_DJ00.jpg,muzem-pendant-silver-carved-muzem_038.jpg,MUZEM Pendant in silver with carved natural emerald DJ002 - Colombian Emerald Carved in Silver,Pendant in silver with carved natural emerald DJ002,Pendant,Silver,Carved
MUZEM_039,MUZ-SV925-PND-039,https://muzem.co/wp-content/uploads/2025/05/DJ1002-4.jpg,/mnt/okcomputer/output/raw_images/MUZEM_039_Pendant_in_silver_with_carved_natural_emerald_DJ00.jpg,muzem-pendant-silver-carved-muzem_039.jpg,MUZEM Pendant in silver with carved natural emerald DJ003 - Colombian Emerald Carved in Silver,Pendant in silver with carved natural emerald DJ003,Pendant,Silver,Carved
MUZEM_040,MUZ-SV925-PND-040,https://muzem.co/wp-content/uploads/2025/05/DJ1003-4.jpg,/mnt/okcomputer/output/raw_images/MUZEM_040_Pendant_in_silver_with_carved_natural_emerald_DJ00.jpg,muzem-pendant-silver-carved-muzem_040.jpg,MUZEM Pendant in silver with carved natural emerald DJ004 - Colombian Emerald Carved in Silver,Pendant in silver with carved natural emerald DJ004,Pendant,Silver,Carved
MUZEM_041,MUZ-SV925-PND-041,https://muzem.co/wp-content/uploads/2025/05/DJ1004-3.jpg,/mnt/okcomputer/output/raw_images/MUZEM_041_Pendant_in_silver_with_carved_natural_emerald_DJ00.jpg,muzem-pendant-silver-carved-muzem_041.jpg,MUZEM Pendant in silver with carved natural emerald DJ005 - Colombian Emerald Carved in Silver,Pendant in silver with carved natural emerald DJ005,Pendant,Silver,Carved
MUZEM_042,MUZ-SV925-PND-042,https://muzem.co/wp-content/uploads/2025/05/DJ1005-2.jpg,/mnt/okcomputer/output/raw_images/MUZEM_042_Pendant_in_silver_with_carved_natural_emerald_DJ00.jpg,muzem-pendant-silver-carved-muzem_042.jpg,MUZEM Pendant in silver with carved natural emerald DJ006 - Colombian Emerald Carved in Silver,Pendant in silver with carved natural emerald DJ006,Pendant,Silver,Carved
MUZEM_043,MUZ-SV925-PND-043,https://muzem.co/wp-content/uploads/2025/06/DJ1007-1.jpg,/mnt/okcomputer/output/raw_images/MUZEM_043_Pendant_in_silver_with_carved_natural_emerald_DJ00.jpg,muzem-pendant-silver-carved-muzem_043.jpg,MUZEM Pendant in silver with carved natural emerald DJ008 - Colombian Emerald Carved in Silver,Pendant in silver with carved natural emerald DJ008,Pendant,Silver,Carved
MUZEM_044,MUZ-SV925-PND-044,https://muzem.co/wp-content/uploads/2025/06/DJ1008-3.jpg,/mnt/okcomputer/output/raw_images/MUZEM_044_Pendant_in_silver_with_carved_natural_emerald_DJ00.jpg,muzem-pendant-silver-carved-muzem_044.jpg,MUZEM Pendant in silver with carved natural emerald DJ009 - Colombian Emerald Carved in Silver,Pendant in silver with carved natural emerald DJ009,Pendant,Silver,Carved
MUZEM_045,MUZ-WG18-PND-045,https://muzem.co/wp-content/uploads/2025/03/DJ1030-2.jpg,/mnt/okcomputer/output/raw_images/MUZEM_045_Pendant_in_white_gold_DJ1030.jpg,muzem-pendant-white-gold-natural-muzem_045.jpg,MUZEM Pendant in white gold DJ1030 - Colombian Emerald Natural in White Gold,Pendant in white gold DJ1030,Pendant,White Gold,Natural
MUZEM_046,MUZ-WG18-PND-046,https://muzem.co/wp-content/uploads/2025/07/DJ1299-4.jpg,/mnt/okcomputer/output/raw_images/MUZEM_046_Pendant_in_white_gold_DJ1299.jpg,muzem-pendant-white-gold-natural-muzem_046.jpg,MUZEM Pendant in white gold DJ1299 - Colombian Emerald Natural in White Gold,Pendant in white gold DJ1299,Pendant,White Gold,Natural
MUZEM_047,MUZ-WG18-PND-047,https://muzem.co/wp-content/uploads/2025/03/DJ1350_5pi5ibcre1x_2025-03-15-09-55-51.jpg,/mnt/okcomputer/output/raw_images/MUZEM_047_Pendant_in_white_gold_DJ1350.jpg,muzem-pendant-white-gold-natural-muzem_047.jpg,MUZEM Pendant in white gold DJ1350 - Colombian Emerald Natural in White Gold,Pendant in white gold DJ1350,Pendant,White Gold,Natural
MUZEM_048,MUZ-WG18-PND-048,https://muzem.co/wp-content/uploads/2025/07/DJ1385-4.jpg,/mnt/okcomputer/output/raw_images/MUZEM_048_Pendant_in_white_gold_DJ1385.jpg,muzem-pendant-white-gold-natural-muzem_048.jpg,MUZEM Pendant in white gold DJ1385 - Colombian Emerald Natural in White Gold,Pendant in white gold DJ1385,Pendant,White Gold,Natural
MUZEM_049,MUZ-WG18-PND-049,https://muzem.co/wp-content/uploads/2025/07/DJ58-GY-4.jpg,/mnt/okcomputer/output/raw_images/MUZEM_049_Pendant_in_white_gold_DJ58_GY.jpg,muzem-pendant-white-gold-natural-muzem_049.jpg,MUZEM Pendant in white gold DJ58 GY - Colombian Emerald Natural in White Gold,Pendant in white gold DJ58 GY,Pendant,White Gold,Natural
MUZEM_050,MUZ-WG18-PND-050,https://muzem.co/wp-content/uploads/2025/03/DJ935-4.jpg,/mnt/okcomputer/output/raw_images/MUZEM_050_Pendant_in_white_gold_DJ935.jpg,muzem-pendant-white-gold-natural-muzem_050.jpg,MUZEM Pendant in white gold DJ935 - Colombian Emerald Natural in White Gold,Pendant in white gold DJ935,Pendant,White Gold,Natural
MUZEM_051,MUZ-YG18-PND-051,https://muzem.co/wp-content/uploads/2025/05/DJ1220-3.jpg,/mnt/okcomputer/output/raw_images/MUZEM_051_Pendant_in_yellow_gold_DJ1220.jpg,muzem-pendant-yellow-gold-natural-muzem_051.jpg,MUZEM Pendant in yellow gold DJ1220 - Colombian Emerald Natural in 18k Yellow Gold,Pendant in yellow gold DJ1220,Pendant,18k Yellow Gold,Natural
MUZEM_052,MUZ-YG18-PND-052,https://muzem.co/wp-content/uploads/2025/03/DJ1806-2_momhlcp41fc_2025-02-28-16-53-30.jpg,/mnt/okcomputer/output/raw_images/MUZEM_052_Pendant_in_yellow_gold_DJ1806.jpg,muzem-pendant-yellow-gold-natural-muzem_052.jpg,MUZEM Pendant in yellow gold DJ1806 - Colombian Emerald Natural in 18k Yellow Gold,Pendant in yellow gold DJ1806,Pendant,18k Yellow Gold,Natural
MUZEM_053,MUZ-YG18-PND-053,https://muzem.co/wp-content/uploads/2025/03/DJ1879.5.jpg,/mnt/okcomputer/output/raw_images/MUZEM_053_Pendant_in_yellow_gold_DJ1879.jpg,muzem-pendant-yellow-gold-natural-muzem_053.jpg,MUZEM Pendant in yellow gold DJ1879 - Colombian Emerald Natural in 18k Yellow Gold,Pendant in yellow gold DJ1879,Pendant,18k Yellow Gold,Natural
MUZEM_054,MUZ-YG18-PND-054,https://muzem.co/wp-content/uploads/2025/07/DJ2117_6xdkpp9sehb_2025-07-17-14-47-06.jpg,/mnt/okcomputer/output/raw_images/MUZEM_054_Pendant_in_yellow_gold_DJ2117.jpg,muzem-pendant-yellow-gold-natural-muzem_054.jpg,MUZEM Pendant in yellow gold DJ2117 - Colombian Emerald Natural in 18k Yellow Gold,Pendant in yellow gold DJ2117,Pendant,18k Yellow Gold,Natural
MUZEM_055,MUZ-YG18-PND-055,https://muzem.co/wp-content/uploads/2025/07/DJ2171-1.jpg,/mnt/okcomputer/output/raw_images/MUZEM_055_Pendant_in_yellow_gold_DJ2171.jpg,muzem-pendant-yellow-gold-natural-muzem_055.jpg,MUZEM Pendant in yellow gold DJ2171 - Colombian Emerald Natural in 18k Yellow Gold,Pendant in yellow gold DJ2171,Pendant,18k Yellow Gold,Natural
MUZEM_056,MUZ-YG18-PND-056,https://muzem.co/wp-content/uploads/2025/08/DJ2197_e6o0kt0rihq_2025-08-12-14-35-30.jpg,/mnt/okcomputer/output/raw_images/MUZEM_056_Pendant_in_yellow_gold_DJ2197.jpg,muzem-pendant-yellow-gold-natural-muzem_056.jpg,MUZEM Pendant in yellow gold DJ2197 - Colombian Emerald Natural in 18k Yellow Gold,Pendant in yellow gold DJ2197,Pendant,18k Yellow Gold,Natural
MUZEM_057,MUZ-YG18-PND-057,https://muzem.co/wp-content/uploads/2025/06/DJ2450-2.jpg,/mnt/okcomputer/output/raw_images/MUZEM_057_Pendant_in_yellow_gold_DJ2450.jpg,muzem-pendant-yellow-gold-natural-muzem_057.jpg,MUZEM Pendant in yellow gold DJ2450 - Colombian Emerald Natural in 18k Yellow Gold,Pendant in yellow gold DJ2450,Pendant,18k Yellow Gold,Natural
MUZEM_058,MUZ-YG18-PND-058,https://muzem.co/wp-content/uploads/2025/06/DJ2452-3.jpg,/mnt/okcomputer/output/raw_images/MUZEM_058_Pendant_in_yellow_gold_DJ2452.jpg,muzem-pendant-yellow-gold-natural-muzem_058.jpg,MUZEM Pendant in yellow gold DJ2452 - Colombian Emerald Natural in 18k Yellow Gold,Pendant in yellow gold DJ2452,Pendant,18k Yellow Gold,Natural
MUZEM_059,MUZ-YG18-PND-059,https://muzem.co/wp-content/uploads/2025/06/DJ2458-4.jpg,/mnt/okcomputer/output/raw_images/MUZEM_059_Pendant_in_yellow_gold_DJ2458.jpg,muzem-pendant-yellow-gold-natural-muzem_059.jpg,MUZEM Pendant in yellow gold DJ2458 - Colombian Emerald Natural in 18k Yellow Gold,Pendant in yellow gold DJ2458,Pendant,18k Yellow Gold,Natural
MUZEM_060,MUZ-SV925-BRC-060,https://muzem.co/wp-content/uploads/2025/03/PL00-3.jpg,/mnt/okcomputer/output/raw_images/MUZEM_060_PL00_Silver_Bracelet.jpg,muzem-bracelet-silver-natural-muzem_060.jpg,MUZEM PL00 Silver Bracelet - Colombian Emerald Natural in Silver,PL00 Silver Bracelet,Bracelet,Silver,Natural
MUZEM_061,MUZ-SV925-BRC-061,https://muzem.co/wp-content/uploads/2025/05/PL05-1.jpg,/mnt/okcomputer/output/raw_images/MUZEM_061_PL05_Silver_Bracelet.jpg,muzem-bracelet-silver-natural-muzem_061.jpg,MUZEM PL05 Silver Bracelet - Colombian Emerald Natural in Silver,PL05 Silver Bracelet,Bracelet,Silver,Natural
MUZEM_062,MUZ-PT950-RNG-062,https://muzem.co/wp-content/uploads/2025/03/AN1017.3.jpg,/mnt/okcomputer/output/raw_images/MUZEM_062_Platinum_Ring_AN1017.jpg,muzem-ring-platinum-natural-muzem_062.jpg,MUZEM Platinum Ring AN1017 - Colombian Emerald Natural in Platinum,Platinum Ring AN1017,Ring,Platinum,Natural
MUZEM_063,MUZ-YG18-RNG-063,https://muzem.co/wp-content/uploads/2026/02/IMG_1600.jpeg,/mnt/okcomputer/output/raw_images/MUZEM_063_Ring_in_18k_Yellow_Gold_with_Emerald_and_Diamonds_.jpg,muzem-ring-yellow-gold-natural-muzem_063.jpg,MUZEM Ring in 18k Yellow Gold with Emerald and Diamonds AN2044 - Colombian Emerald Natural in 18k Yellow Gold,Ring in 18k Yellow Gold with Emerald and Diamonds AN2044,Ring,18k Yellow Gold,Natural
MUZEM_064,MUZ-YG18-RNG-064,https://muzem.co/wp-content/uploads/2026/02/IMG_1553.jpg,/mnt/okcomputer/output/raw_images/MUZEM_064_Ring_in_18k_Yellow_Gold_with_Natural_Colombian_Eme.jpg,muzem-ring-yellow-gold-natural-muzem_064.jpg,MUZEM Ring in 18k Yellow Gold with Natural Colombian Emerald High Quilted AN2467 - Colombian Emerald Natural in 18k Yellow Gold,Ring in 18k Yellow Gold with Natural Colombian Emerald High Quilted AN2467,Ring,18k Yellow Gold,Natural
MUZEM_065,MUZ-YG18-RNG-065,https://muzem.co/wp-content/uploads/2025/06/AN2171_n9amh3t78c_2025-06-12-11-34-35.jpg,/mnt/okcomputer/output/raw_images/MUZEM_065_Ring_in_yellow_gold_AN2171.jpg,muzem-ring-yellow-gold-natural-muzem_065.jpg,MUZEM Ring in yellow gold AN2171 - Colombian Emerald Natural in 18k Yellow Gold,Ring in yellow gold AN2171,Ring,18k Yellow Gold,Natural
MUZEM_066,MUZ-YG18-RNG-066,https://muzem.co/wp-content/uploads/2026/01/IMG_1526.jpeg,/mnt/okcomputer/output/raw_images/MUZEM_066_Ring_yellow_gold_Emerald_068_cts_drop_cut_AN2459.jpg,muzem-ring-yellow-gold-drop-cut-muzem_066.jpg,"MUZEM Ring yellow gold Emerald 0.68 cts, drop cut AN2459 - Colombian Emerald Drop Cut in 18k Yellow Gold","Ring yellow gold Emerald 0.68 cts, drop cut AN2459",Ring,18k Yellow Gold,Drop Cut
MUZEM_067,MUZ-SV925-BRC-067,https://muzem.co/wp-content/uploads/2025/04/PL01-1.jpg,/mnt/okcomputer/output/raw_images/MUZEM_067_Silver_bracelet_PL01.jpg,muzem-bracelet-silver-natural-muzem_067.jpg,MUZEM Silver bracelet PL01 - Colombian Emerald Natural in Silver,Silver bracelet PL01,Bracelet,Silver,Natural
MUZEM_068,MUZ-SV925-BRC-068,https://muzem.co/wp-content/uploads/2025/05/PL02-1.jpg,/mnt/okcomputer/output/raw_images/MUZEM_068_Silver_bracelet_PL02.jpg,muzem-bracelet-silver-natural-muzem_068.jpg,MUZEM Silver bracelet PL02 - Colombian Emerald Natural in Silver,Silver bracelet PL02,Bracelet,Silver,Natural
MUZEM_069,MUZ-SV925-BRC-069,https://muzem.co/wp-content/uploads/2025/05/PL04-1.jpg,/mnt/okcomputer/output/raw_images/MUZEM_069_Silver_bracelet_PL04.jpg,muzem-bracelet-silver-natural-muzem_069.jpg,MUZEM Silver bracelet PL04 - Colombian Emerald Natural in Silver,Silver bracelet PL04,Bracelet,Silver,Natural
MUZEM_070,MUZ-SV925-RNG-070,https://muzem.co/wp-content/uploads/2025/06/AR011_nosrnzovyh_2025-06-28-12-53-27.jpg,/mnt/okcomputer/output/raw_images/MUZEM_070_Silver_earrings_AR011.jpg,muzem-ring-silver-natural-muzem_070.jpg,MUZEM Silver earrings AR011 - Colombian Emerald Natural in Silver,Silver earrings AR011,Ring,Silver,Natural
MUZEM_071,MUZ-SV925-PND-071,https://muzem.co/wp-content/uploads/2025/06/DJ1010-1.jpg,/mnt/okcomputer/output/raw_images/MUZEM_071_Silver_pendant_DJ011.jpg,muzem-pendant-silver-natural-muzem_071.jpg,MUZEM Silver pendant DJ011 - Colombian Emerald Natural in Silver,Silver pendant DJ011,Pendant,Silver,Natural
MUZEM_072,MUZ-SV925-PND-072,https://muzem.co/wp-content/uploads/2025/06/DJ012-2.jpg,/mnt/okcomputer/output/raw_images/MUZEM_072_Silver_pendant_DJ012.jpg,muzem-pendant-silver-natural-muzem_072.jpg,MUZEM Silver pendant DJ012 - Colombian Emerald Natural in Silver,Silver pendant DJ012,Pendant,Silver,Natural
MUZEM_073,MUZ-SV925-RNG-073,https://muzem.co/wp-content/uploads/2025/03/AN000-4.jpg,/mnt/okcomputer/output/raw_images/MUZEM_073_Silver_ring_AN001.jpg,muzem-ring-silver-natural-muzem_073.jpg,MUZEM Silver ring AN001 - Colombian Emerald Natural in Silver,Silver ring AN001,Ring,Silver,Natural
MUZEM_074,MUZ-SV925-RNG-074,https://muzem.co/wp-content/uploads/2025/04/AN001-1.jpg,/mnt/okcomputer/output/raw_images/MUZEM_074_Silver_Ring_AN002.jpg,muzem-ring-silver-natural-muzem_074.jpg,MUZEM Silver Ring AN002 - Colombian Emerald Natural in Silver,Silver Ring AN002,Ring,Silver,Natural
MUZEM_075,MUZ-SV925-RNG-075,https://muzem.co/wp-content/uploads/2025/04/AN002-4.jpg,/mnt/okcomputer/output/raw_images/MUZEM_075_Silver_ring_AN003.jpg,muzem-ring-silver-natural-muzem_075.jpg,MUZEM Silver ring AN003 - Colombian Emerald Natural in Silver,Silver ring AN003,Ring,Silver,Natural
MUZEM_076,MUZ-SV925-RNG-076,https://muzem.co/wp-content/uploads/2025/06/AN004-2.jpg,/mnt/okcomputer/output/raw_images/MUZEM_076_Silver_ring_AN007.jpg,muzem-ring-silver-natural-muzem_076.jpg,MUZEM Silver ring AN007 - Colombian Emerald Natural in Silver,Silver ring AN007,Ring,Silver,Natural
MUZEM_077,MUZ-SV925-RNG-077,https://muzem.co/wp-content/uploads/2025/07/AN010-4.jpg,/mnt/okcomputer/output/raw_images/MUZEM_077_Silver_ring_AN010.jpg,muzem-ring-silver-natural-muzem_077.jpg,MUZEM Silver ring AN010 - Colombian Emerald Natural in Silver,Silver ring AN010,Ring,Silver,Natural
MUZEM_078,MUZ-SV925-RNG-078,https://muzem.co/wp-content/uploads/2025/05/AN003-4.jpg,/mnt/okcomputer/output/raw_images/MUZEM_078_Silver_Ring_with_Natural_Carved_Emerald_AN004.jpg,muzem-ring-silver-carved-muzem_078.jpg,MUZEM Silver Ring with Natural Carved Emerald AN004 - Colombian Emerald Carved in Silver,Silver Ring with Natural Carved Emerald AN004,Ring,Silver,Carved
MUZEM_079,MUZ-SV925-RNG-079,https://muzem.co/wp-content/uploads/2025/05/AN004-4.jpg,/mnt/okcomputer/output/raw_images/MUZEM_079_Silver_Ring_with_Natural_Carved_Emerald_AN005.jpg,muzem-ring-silver-carved-muzem_079.jpg,MUZEM Silver Ring with Natural Carved Emerald AN005 - Colombian Emerald Carved in Silver,Silver Ring with Natural Carved Emerald AN005,Ring,Silver,Carved
MUZEM_080,MUZ-SV925-RNG-080,https://muzem.co/wp-content/uploads/2025/05/AN005-2.jpg,/mnt/okcomputer/output/raw_images/MUZEM_080_Silver_Ring_with_Natural_Carved_Emerald_AN006.jpg,muzem-ring-silver-carved-muzem_080.jpg,MUZEM Silver Ring with Natural Carved Emerald AN006 - Colombian Emerald Carved in Silver,Silver Ring with Natural Carved Emerald AN006,Ring,Silver,Carved
MUZEM_081,MUZ-SV925-RNG-081,https://muzem.co/wp-content/uploads/2025/05/AN007-4.jpg,/mnt/okcomputer/output/raw_images/MUZEM_081_Silver_Ring_with_Natural_Carved_Emerald_AN009.jpg,muzem-ring-silver-carved-muzem_081.jpg,MUZEM Silver Ring with Natural Carved Emerald AN009 - Colombian Emerald Carved in Silver,Silver Ring with Natural Carved Emerald AN009,Ring,Silver,Carved
MUZEM_082,MUZ-SV925-PND-082,https://muzem.co/wp-content/uploads/2025/05/DJ1006-1.jpg,/mnt/okcomputer/output/raw_images/MUZEM_082_Sterling_Silver_Pendant_with_Rough_Natural_Emerald.jpg,muzem-pendant-silver-rough-muzem_082.jpg,MUZEM Sterling Silver Pendant with Rough Natural Emerald DJ007 - Colombian Emerald Rough in Silver,Sterling Silver Pendant with Rough Natural Emerald DJ007,Pendant,Silver,Rough
MUZEM_083,MUZ-WG18-RNG-083,https://muzem.co/wp-content/uploads/2025/04/AR1541-1.jpg,/mnt/okcomputer/output/raw_images/MUZEM_083_White_gold_earrings_AR1541.jpg,muzem-ring-white-gold-natural-muzem_083.jpg,MUZEM White gold earrings AR1541 - Colombian Emerald Natural in White Gold,White gold earrings AR1541,Ring,White Gold,Natural
MUZEM_084,MUZ-WG18-RNG-084,https://muzem.co/wp-content/uploads/2025/04/AR1615-4.jpg,/mnt/okcomputer/output/raw_images/MUZEM_084_White_gold_earrings_AR1615.jpg,muzem-ring-white-gold-natural-muzem_084.jpg,MUZEM White gold earrings AR1615 - Colombian Emerald Natural in White Gold,White gold earrings AR1615,Ring,White Gold,Natural
MUZEM_085,MUZ-WG18-RNG-085,https://muzem.co/wp-content/uploads/2025/04/AR1832-1.jpg,/mnt/okcomputer/output/raw_images/MUZEM_085_White_gold_earrings_AR1832.jpg,muzem-ring-white-gold-natural-muzem_085.jpg,MUZEM White gold earrings AR1832 - Colombian Emerald Natural in White Gold,White gold earrings AR1832,Ring,White Gold,Natural
MUZEM_086,MUZ-WG18-RNG-086,https://muzem.co/wp-content/uploads/2025/03/AR1893.3.jpg,/mnt/okcomputer/output/raw_images/MUZEM_086_White_gold_earrings_AR1893.jpg,muzem-ring-white-gold-natural-muzem_086.jpg,MUZEM White gold earrings AR1893 - Colombian Emerald Natural in White Gold,White gold earrings AR1893,Ring,White Gold,Natural
MUZEM_087,MUZ-WG18-RNG-087,https://muzem.co/wp-content/uploads/2025/03/AR1989-1.jpg,/mnt/okcomputer/output/raw_images/MUZEM_087_White_gold_earrings_AR1989.jpg,muzem-ring-white-gold-natural-muzem_087.jpg,MUZEM White gold earrings AR1989 - Colombian Emerald Natural in White Gold,White gold earrings AR1989,Ring,White Gold,Natural
MUZEM_088,MUZ-WG18-PND-088,https://muzem.co/wp-content/uploads/2025/03/DJ1367-3.jpg,/mnt/okcomputer/output/raw_images/MUZEM_088_White_gold_pendant_DJ1367.jpg,muzem-pendant-white-gold-natural-muzem_088.jpg,MUZEM White gold pendant DJ1367 - Colombian Emerald Natural in White Gold,White gold pendant DJ1367,Pendant,White Gold,Natural
MUZEM_089,MUZ-WG18-PND-089,https://muzem.co/wp-content/uploads/2025/07/DJ1393_6sq4vzzye9p_2025-07-11-14-07-33.jpg,/mnt/okcomputer/output/raw_images/MUZEM_089_White_gold_pendant_DJ1393.jpg,muzem-pendant-white-gold-natural-muzem_089.jpg,MUZEM White gold pendant DJ1393 - Colombian Emerald Natural in White Gold,White gold pendant DJ1393,Pendant,White Gold,Natural
MUZEM_090,MUZ-WG18-PND-090,https://muzem.co/wp-content/uploads/2025/03/DJ1506-1.jpg,/mnt/okcomputer/output/raw_images/MUZEM_090_White_gold_pendant_DJ1506.jpg,muzem-pendant-white-gold-natural-muzem_090.jpg,MUZEM White gold pendant DJ1506 - Colombian Emerald Natural in White Gold,White gold pendant DJ1506,Pendant,White Gold,Natural
MUZEM_091,MUZ-WG18-PND-091,https://muzem.co/wp-content/uploads/2025/03/DJ1511-3.jpg,/mnt/okcomputer/output/raw_images/MUZEM_091_White_gold_pendant_DJ1511.jpg,muzem-pendant-white-gold-natural-muzem_091.jpg,MUZEM White gold pendant DJ1511 - Colombian Emerald Natural in White Gold,White gold pendant DJ1511,Pendant,White Gold,Natural
MUZEM_092,MUZ-WG18-RNG-092,https://muzem.co/wp-content/uploads/2025/03/1342-4.jpg,/mnt/okcomputer/output/raw_images/MUZEM_092_White_gold_ring_AN1342.jpg,muzem-ring-white-gold-natural-muzem_092.jpg,MUZEM White gold ring AN1342 - Colombian Emerald Natural in White Gold,White gold ring AN1342,Ring,White Gold,Natural
MUZEM_093,MUZ-WG18-RNG-093,https://muzem.co/wp-content/uploads/2025/03/AN1375-4.jpg,/mnt/okcomputer/output/raw_images/MUZEM_093_White_gold_ring_AN1375.jpg,muzem-ring-white-gold-natural-muzem_093.jpg,MUZEM White gold ring AN1375 - Colombian Emerald Natural in White Gold,White gold ring AN1375,Ring,White Gold,Natural
MUZEM_094,MUZ-WG18-RNG-094,https://muzem.co/wp-content/uploads/2025/03/AN1513_pf0nmvdmip_2025-03-25-14-05-58.jpg,/mnt/okcomputer/output/raw_images/MUZEM_094_White_gold_ring_AN1513.jpg,muzem-ring-white-gold-natural-muzem_094.jpg,MUZEM White gold ring AN1513 - Colombian Emerald Natural in White Gold,White gold ring AN1513,Ring,White Gold,Natural
MUZEM_095,MUZ-WG18-RNG-095,https://muzem.co/wp-content/uploads/2025/03/AN1584-1.jpg,/mnt/okcomputer/output/raw_images/MUZEM_095_White_gold_ring_AN1584.jpg,muzem-ring-white-gold-natural-muzem_095.jpg,MUZEM White gold ring AN1584 - Colombian Emerald Natural in White Gold,White gold ring AN1584,Ring,White Gold,Natural
MUZEM_096,MUZ-WG18-RNG-096,https://muzem.co/wp-content/uploads/2025/05/AN1585-1.jpg,/mnt/okcomputer/output/raw_images/MUZEM_096_White_gold_ring_AN1585.jpg,muzem-ring-white-gold-natural-muzem_096.jpg,MUZEM White gold ring AN1585 - Colombian Emerald Natural in White Gold,White gold ring AN1585,Ring,White Gold,Natural
MUZEM_097,MUZ-WG18-RNG-097,https://muzem.co/wp-content/uploads/2025/03/AN1593-1.jpg,/mnt/okcomputer/output/raw_images/MUZEM_097_White_gold_ring_AN1593.jpg,muzem-ring-white-gold-natural-muzem_097.jpg,MUZEM White gold ring AN1593 - Colombian Emerald Natural in White Gold,White gold ring AN1593,Ring,White Gold,Natural
MUZEM_098,MUZ-WG18-RNG-098,https://muzem.co/wp-content/uploads/2025/03/AN1633-1.jpg,/mnt/okcomputer/output/raw_images/MUZEM_098_White_gold_ring_AN1633.jpg,muzem-ring-white-gold-natural-muzem_098.jpg,MUZEM White gold ring AN1633 - Colombian Emerald Natural in White Gold,White gold ring AN1633,Ring,White Gold,Natural
MUZEM_099,MUZ-WG18-RNG-099,https://muzem.co/wp-content/uploads/2025/06/AN1675-4.jpg,/mnt/okcomputer/output/raw_images/MUZEM_099_White_gold_ring_AN1675.jpg,muzem-ring-white-gold-natural-muzem_099.jpg,MUZEM White gold ring AN1675 - Colombian Emerald Natural in White Gold,White gold ring AN1675,Ring,White Gold,Natural
MUZEM_100,MUZ-WG18-RNG-100,https://muzem.co/wp-content/uploads/2025/06/AN1677-2.jpg,/mnt/okcomputer/output/raw_images/MUZEM_100_White_gold_ring_AN1677.jpg,muzem-ring-white-gold-natural-muzem_100.jpg,MUZEM White gold ring AN1677 - Colombian Emerald Natural in White Gold,White gold ring AN1677,Ring,White Gold,Natural
MUZEM_101,MUZ-WG18-RNG-101,https://muzem.co/wp-content/uploads/2025/08/AN938-1.jpg,/mnt/okcomputer/output/raw_images/MUZEM_101_White_gold_ring_AN938_OB.jpg,muzem-ring-white-gold-natural-muzem_101.jpg,MUZEM White gold ring AN938 OB - Colombian Emerald Natural in White Gold,White gold ring AN938 OB,Ring,White Gold,Natural
MUZEM_102,MUZ-WG18-RNG-102,https://muzem.co/wp-content/uploads/2025/03/AN947-4.jpg,/mnt/okcomputer/output/raw_images/MUZEM_102_White_gold_ring_AN947.jpg,muzem-ring-white-gold-natural-muzem_102.jpg,MUZEM White gold ring AN947 - Colombian Emerald Natural in White Gold,White gold ring AN947,Ring,White Gold,Natural
MUZEM_103,MUZ-WG18-RNG-103,https://muzem.co/wp-content/uploads/2025/06/AN1673-4.jpg,/mnt/okcomputer/output/raw_images/MUZEM_103_White_gold_ring_with_Moissanite_AN1673.jpg,muzem-ring-white-gold-natural-muzem_103.jpg,MUZEM White gold ring with Moissanite AN1673 - Colombian Emerald Natural in White Gold,White gold ring with Moissanite AN1673,Ring,White Gold,Natural
MUZEM_104,MUZ-YG18-BRC-104,https://muzem.co/wp-content/uploads/2025/03/PL122.6.jpg,/mnt/okcomputer/output/raw_images/MUZEM_104_Yellow_gold_bracelet_PL122.jpg,muzem-bracelet-yellow-gold-natural-muzem_104.jpg,MUZEM Yellow gold bracelet PL122 - Colombian Emerald Natural in 18k Yellow Gold,Yellow gold bracelet PL122,Bracelet,18k Yellow Gold,Natural
MUZEM_105,MUZ-YG18-BRC-105,https://muzem.co/wp-content/uploads/2025/05/PL98-3.jpg,/mnt/okcomputer/output/raw_images/MUZEM_105_Yellow_gold_bracelet_PL98.jpg,muzem-bracelet-yellow-gold-natural-muzem_105.jpg,MUZEM Yellow gold bracelet PL98 - Colombian Emerald Natural in 18k Yellow Gold,Yellow gold bracelet PL98,Bracelet,18k Yellow Gold,Natural
MUZEM_106,MUZ-YG18-RNG-106,https://muzem.co/wp-content/uploads/2025/07/AR12-GH-1.jpg,/mnt/okcomputer/output/raw_images/MUZEM_106_Yellow_gold_earrings_AR12_GH.jpg,muzem-ring-yellow-gold-natural-muzem_106.jpg,MUZEM Yellow gold earrings AR12 GH - Colombian Emerald Natural in 18k Yellow Gold,Yellow gold earrings AR12 GH,Ring,18k Yellow Gold,Natural
MUZEM_107,MUZ-YG18-RNG-107,https://muzem.co/wp-content/uploads/2025/04/AR2698-4.jpg,/mnt/okcomputer/output/raw_images/MUZEM_107_Yellow_gold_earrings_AR2698.jpg,muzem-ring-yellow-gold-natural-muzem_107.jpg,MUZEM Yellow gold earrings AR2698 - Colombian Emerald Natural in 18k Yellow Gold,Yellow gold earrings AR2698,Ring,18k Yellow Gold,Natural
MUZEM_108,MUZ-YG18-RNG-108,https://muzem.co/wp-content/uploads/2025/04/AR2717.1.jpg,/mnt/okcomputer/output/raw_images/MUZEM_108_Yellow_gold_earrings_AR2717.jpg,muzem-ring-yellow-gold-natural-muzem_108.jpg,MUZEM Yellow gold earrings AR2717 - Colombian Emerald Natural in 18k Yellow Gold,Yellow gold earrings AR2717,Ring,18k Yellow Gold,Natural
MUZEM_109,MUZ-YG18-RNG-109,https://muzem.co/wp-content/uploads/2025/05/AR2766-3.jpg,/mnt/okcomputer/output/raw_images/MUZEM_109_Yellow_gold_earrings_AR2766.jpg,muzem-ring-yellow-gold-natural-muzem_109.jpg,MUZEM Yellow gold earrings AR2766 - Colombian Emerald Natural in 18k Yellow Gold,Yellow gold earrings AR2766,Ring,18k Yellow Gold,Natural
MUZEM_110,MUZ-YG18-RNG-110,https://muzem.co/wp-content/uploads/2025/06/AR2890_hxtf9vr7jh_2025-06-17-16-34-12.jpg,/mnt/okcomputer/output/raw_images/MUZEM_110_Yellow_gold_earrings_AR2890.jpg,muzem-ring-yellow-gold-natural-muzem_110.jpg,MUZEM Yellow gold earrings AR2890 - Colombian Emerald Natural in 18k Yellow Gold,Yellow gold earrings AR2890,Ring,18k Yellow Gold,Natural
MUZEM_111,MUZ-YG18-RNG-111,https://muzem.co/wp-content/uploads/2025/03/AR2414-1.jpg,/mnt/okcomputer/output/raw_images/MUZEM_111_Yellow_gold_earrings_DJ2414.jpg,muzem-ring-yellow-gold-natural-muzem_111.jpg,MUZEM Yellow gold earrings DJ2414 - Colombian Emerald Natural in 18k Yellow Gold,Yellow gold earrings DJ2414,Ring,18k Yellow Gold,Natural
MUZEM_112,MUZ-YG18-PND-112,https://muzem.co/wp-content/uploads/2025/05/Set01D-4.jpg,/mnt/okcomputer/output/raw_images/MUZEM_112_Yellow_gold_pendant.jpg,muzem-pendant-yellow-gold-natural-muzem_112.jpg,MUZEM Yellow gold pendant - Colombian Emerald Natural in 18k Yellow Gold,Yellow gold pendant,Pendant,18k Yellow Gold,Natural
MUZEM_113,MUZ-YG18-PND-113,https://muzem.co/wp-content/uploads/2025/03/DJ1313-1.jpg,/mnt/okcomputer/output/raw_images/MUZEM_113_Yellow_gold_pendant_DJ1313.jpg,muzem-pendant-yellow-gold-natural-muzem_113.jpg,MUZEM Yellow gold pendant DJ1313 - Colombian Emerald Natural in 18k Yellow Gold,Yellow gold pendant DJ1313,Pendant,18k Yellow Gold,Natural
MUZEM_114,MUZ-YG18-PND-114,https://muzem.co/wp-content/uploads/2025/03/DJ1694-1.jpg,/mnt/okcomputer/output/raw_images/MUZEM_114_Yellow_gold_pendant_DJ1694.jpg,muzem-pendant-yellow-gold-natural-muzem_114.jpg,MUZEM Yellow gold pendant DJ1694 - Colombian Emerald Natural in 18k Yellow Gold,Yellow gold pendant DJ1694,Pendant,18k Yellow Gold,Natural
MUZEM_115,MUZ-YG18-PND-115,https://muzem.co/wp-content/uploads/2025/03/DJ1993.4.jpg,/mnt/okcomputer/output/raw_images/MUZEM_115_Yellow_gold_pendant_DJ1993.jpg,muzem-pendant-yellow-gold-natural-muzem_115.jpg,MUZEM Yellow gold pendant DJ1993 - Colombian Emerald Natural in 18k Yellow Gold,Yellow gold pendant DJ1993,Pendant,18k Yellow Gold,Natural
MUZEM_116,MUZ-YG18-PND-116,https://muzem.co/wp-content/uploads/2025/03/AN1995-2.jpg,/mnt/okcomputer/output/raw_images/MUZEM_116_Yellow_gold_pendant_DJ1995.jpg,muzem-pendant-yellow-gold-natural-muzem_116.jpg,MUZEM Yellow gold pendant DJ1995 - Colombian Emerald Natural in 18k Yellow Gold,Yellow gold pendant DJ1995,Pendant,18k Yellow Gold,Natural
MUZEM_117,MUZ-YG18-PND-117,https://muzem.co/wp-content/uploads/2025/03/DJ2211-1.jpg,/mnt/okcomputer/output/raw_images/MUZEM_117_Yellow_gold_pendant_DJ2211.jpg,muzem-pendant-yellow-gold-natural-muzem_117.jpg,MUZEM Yellow gold pendant DJ2211 - Colombian Emerald Natural in 18k Yellow Gold,Yellow gold pendant DJ2211,Pendant,18k Yellow Gold,Natural
MUZEM_118,MUZ-YG18-PND-118,https://muzem.co/wp-content/uploads/2025/06/DJ2470_3fu22gvfwf1_2025-06-16-17-50-35.jpg,/mnt/okcomputer/output/raw_images/MUZEM_118_Yellow_gold_pendant_DJ2470.jpg,muzem-pendant-yellow-gold-natural-muzem_118.jpg,MUZEM Yellow gold pendant DJ2470 - Colombian Emerald Natural in 18k Yellow Gold,Yellow gold pendant DJ2470,Pendant,18k Yellow Gold,Natural
MUZEM_119,MUZ-YG18-RNG-119,https://muzem.co/wp-content/uploads/2025/03/AN2071-1.jpg,/mnt/okcomputer/output/raw_images/MUZEM_119_Yellow_gold_ring_AN_2071.jpg,muzem-ring-yellow-gold-natural-muzem_119.jpg,MUZEM Yellow gold ring AN 2071 - Colombian Emerald Natural in 18k Yellow Gold,Yellow gold ring AN 2071,Ring,18k Yellow Gold,Natural
MUZEM_120,MUZ-YG18-RNG-120,https://muzem.co/wp-content/uploads/2025/03/AN1361-4.jpg,/mnt/okcomputer/output/raw_images/MUZEM_120_Yellow_gold_ring_AN1361.jpg,muzem-ring-yellow-gold-natural-muzem_120.jpg,MUZEM Yellow gold ring AN1361 - Colombian Emerald Natural in 18k Yellow Gold,Yellow gold ring AN1361,Ring,18k Yellow Gold,Natural
MUZEM_121,MUZ-YG18-RNG-121,https://muzem.co/wp-content/uploads/2025/03/AN1626_i3ob0rwe29s_2025-03-25-15-07-48.jpg,/mnt/okcomputer/output/raw_images/MUZEM_121_Yellow_gold_ring_AN1626.jpg,muzem-ring-yellow-gold-natural-muzem_121.jpg,MUZEM Yellow gold ring AN1626 - Colombian Emerald Natural in 18k Yellow Gold,Yellow gold ring AN1626,Ring,18k Yellow Gold,Natural
MUZEM_122,MUZ-YG18-RNG-122,https://muzem.co/wp-content/uploads/2025/03/AN1756.2.jpg,/mnt/okcomputer/output/raw_images/MUZEM_122_Yellow_gold_ring_AN1756.jpg,muzem-ring-yellow-gold-natural-muzem_122.jpg,MUZEM Yellow gold ring AN1756 - Colombian Emerald Natural in 18k Yellow Gold,Yellow gold ring AN1756,Ring,18k Yellow Gold,Natural
MUZEM_123,MUZ-YG18-RNG-123,https://muzem.co/wp-content/uploads/2025/07/AN1890-3.jpg,/mnt/okcomputer/output/raw_images/MUZEM_123_Yellow_gold_ring_AN1890.jpg,muzem-ring-yellow-gold-natural-muzem_123.jpg,MUZEM Yellow gold ring AN1890 - Colombian Emerald Natural in 18k Yellow Gold,Yellow gold ring AN1890,Ring,18k Yellow Gold,Natural
MUZEM_124,MUZ-YG18-RNG-124,https://muzem.co/wp-content/uploads/2025/03/AN1924.1.jpg,/mnt/okcomputer/output/raw_images/MUZEM_124_Yellow_gold_ring_AN1924.jpg,muzem-ring-yellow-gold-natural-muzem_124.jpg,MUZEM Yellow gold ring AN1924 - Colombian Emerald Natural in 18k Yellow Gold,Yellow gold ring AN1924,Ring,18k Yellow Gold,Natural
MUZEM_125,MUZ-YG18-RNG-125,https://muzem.co/wp-content/uploads/2025/03/AN1956-1.jpg,/mnt/okcomputer/output/raw_images/MUZEM_125_Yellow_gold_ring_AN1956.jpg,muzem-ring-yellow-gold-natural-muzem_125.jpg,MUZEM Yellow gold ring AN1956 - Colombian Emerald Natural in 18k Yellow Gold,Yellow gold ring AN1956,Ring,18k Yellow Gold,Natural
MUZEM_126,MUZ-YG18-RNG-126,https://muzem.co/wp-content/uploads/2025/03/AN1958-1.jpg,/mnt/okcomputer/output/raw_images/MUZEM_126_Yellow_gold_ring_AN1958.jpg,muzem-ring-yellow-gold-natural-muzem_126.jpg,MUZEM Yellow gold ring AN1958 - Colombian Emerald Natural in 18k Yellow Gold,Yellow gold ring AN1958,Ring,18k Yellow Gold,Natural
MUZEM_127,MUZ-YG18-RNG-127,https://muzem.co/wp-content/uploads/2025/03/AN2072-2.jpg,/mnt/okcomputer/output/raw_images/MUZEM_127_Yellow_gold_ring_AN2072.jpg,muzem-ring-yellow-gold-natural-muzem_127.jpg,MUZEM Yellow gold ring AN2072 - Colombian Emerald Natural in 18k Yellow Gold,Yellow gold ring AN2072,Ring,18k Yellow Gold,Natural
MUZEM_128,MUZ-YG18-RNG-128,https://muzem.co/wp-content/uploads/2025/06/AN2169-3.jpg,/mnt/okcomputer/output/raw_images/MUZEM_128_Yellow_gold_ring_AN2169.jpg,muzem-ring-yellow-gold-natural-muzem_128.jpg,MUZEM Yellow gold ring AN2169 - Colombian Emerald Natural in 18k Yellow Gold,Yellow gold ring AN2169,Ring,18k Yellow Gold,Natural
MUZEM_129,MUZ-YG18-RNG-129,https://muzem.co/wp-content/uploads/2025/06/AN2177-4.jpg,/mnt/okcomputer/output/raw_images/MUZEM_129_Yellow_gold_ring_AN2177.jpg,muzem-ring-yellow-gold-natural-muzem_129.jpg,MUZEM Yellow gold ring AN2177 - Colombian Emerald Natural in 18k Yellow Gold,Yellow gold ring AN2177,Ring,18k Yellow Gold,Natural
MUZEM_130,MUZ-YG18-RNG-130,https://muzem.co/wp-content/uploads/2025/07/AN2183-4.jpg,/mnt/okcomputer/output/raw_images/MUZEM_130_Yellow_gold_ring_AN2183.jpg,muzem-ring-yellow-gold-natural-muzem_130.jpg,MUZEM Yellow gold ring AN2183 - Colombian Emerald Natural in 18k Yellow Gold,Yellow gold ring AN2183,Ring,18k Yellow Gold,Natural
MUZEM_131,MUZ-YG18-RNG-131,https://muzem.co/wp-content/uploads/2025/07/AN2184-3.jpg,/mnt/okcomputer/output/raw_images/MUZEM_131_Yellow_gold_ring_AN2184.jpg,muzem-ring-yellow-gold-natural-muzem_131.jpg,MUZEM Yellow gold ring AN2184 - Colombian Emerald Natural in 18k Yellow Gold,Yellow gold ring AN2184,Ring,18k Yellow Gold,Natural
MUZEM_132,MUZ-YG18-RNG-132,https://muzem.co/wp-content/uploads/2025/07/AN2216-3.jpg,/mnt/okcomputer/output/raw_images/MUZEM_132_Yellow_gold_ring_AN2216.jpg,muzem-ring-yellow-gold-natural-muzem_132.jpg,MUZEM Yellow gold ring AN2216 - Colombian Emerald Natural in 18k Yellow Gold,Yellow gold ring AN2216,Ring,18k Yellow Gold,Natural
