product_id,title,jewelry_type,material,category,regular_price,sale_price,stock_status,url,image_url,seo_filename,local_image_path,scraped_at
MUZEM_001,18k Yellow Gold Ring with Colombian Natural Emerald and Diamonds AN2243,Ring,18k Yellow Gold,Yellow Gold,12.000.000,12.000.000,In stock,https://muzem.co/en/shop/yellow-gold/18k-yellow-gold-ring-with-colombian-natural-emerald-and-diamonds-an2243/,https://muzem.co/wp-content/uploads/2026/02/IMG_1565.jpg,MUZEM_001_18k_Yellow_Gold_Ring_with_Colombian_Natural_Emeral.jpg,/mnt/okcomputer/output/raw_images/MUZEM_001_18k_Yellow_Gold_Ring_with_Colombian_Natural_Emeral.jpg,2026-02-22T02:01:25.821758
MUZEM_002,18k Yellow Gold Ring with Natural Colombian Emerald Drop Cut M-AN08,Ring,18k Yellow Gold,Yellow Gold,80.000.000,80.000.000,In stock,https://muzem.co/en/shop/yellow-gold/18k-yellow-gold-ring-with-natural-colombian-emerald-drop-cut-m-an08/,https://muzem.co/wp-content/uploads/2026/02/IMG_1612.jpg,MUZEM_002_18k_Yellow_Gold_Ring_with_Natural_Colombian_Emeral.jpg,/mnt/okcomputer/output/raw_images/MUZEM_002_18k_Yellow_Gold_Ring_with_Natural_Colombian_Emeral.jpg,2026-02-22T02:01:25.821758
MUZEM_003,18k Yellow Gold Ring with Natural Colombian Emerald Oval Size M-AN38,Ring,18k Yellow Gold,Yellow Gold,12.000.000,12.000.000,In stock,https://muzem.co/en/shop/yellow-gold/18k-yellow-gold-ring-with-natural-colombian-emerald-oval-size-m-an38/,https://muzem.co/wp-content/uploads/2026/02/IMG_1617.jpg,MUZEM_003_18k_Yellow_Gold_Ring_with_Natural_Colombian_Emeral.jpg,/mnt/okcomputer/output/raw_images/MUZEM_003_18k_Yellow_Gold_Ring_with_Natural_Colombian_Emeral.jpg,2026-02-22T02:01:25.821758
MUZEM_004,18k Yellow Gold Ring with Natural Colombian Emerald Rectangular Cut AN2458,Ring,18k Yellow Gold,Yellow Gold,8.000.000,8.000.000,In stock,https://muzem.co/en/shop/yellow-gold/18k-yellow-gold-ring-with-natural-colombian-emerald-rectangular-cut-an2458/,https://muzem.co/wp-content/uploads/2026/01/IMG_1557.jpg,MUZEM_004_18k_Yellow_Gold_Ring_with_Natural_Colombian_Emeral.jpg,/mnt/okcomputer/output/raw_images/MUZEM_004_18k_Yellow_Gold_Ring_with_Natural_Colombian_Emeral.jpg,2026-02-22T02:01:25.821758
MUZEM_005,Aretes en plata con Esmeralda Natural Tallada AR001,Earrings,Silver,Silver,2.000.000,2.000.000.,In stock,https://muzem.co/en/shop/silver/silver-earrings/aretes-en-plata-con-esmeralda-natural-tallada-ar001/,https://muzem.co/wp-content/uploads/2025/05/AR001-1.jpg,MUZEM_005_Aretes_en_plata_con_Esmeralda_Natural_Tallada_AR00.jpg,/mnt/okcomputer/output/raw_images/MUZEM_005_Aretes_en_plata_con_Esmeralda_Natural_Tallada_AR00.jpg,2026-02-22T02:01:25.821758
MUZEM_006,Bracelet in yellow gold PL94,Bracelet,18k Yellow Gold,Yellow Gold,38.000.000,38.000.000.,In stock,https://muzem.co/en/shop/yellow-gold/yellow-gold-bracelets/bracelet-in-yellow-gold-pl94/,https://muzem.co/wp-content/uploads/2025/03/PL94-3.jpg,MUZEM_006_Bracelet_in_yellow_gold_PL94.jpg,/mnt/okcomputer/output/raw_images/MUZEM_006_Bracelet_in_yellow_gold_PL94.jpg,2026-02-22T02:01:25.821758
MUZEM_007,Bracelet white gold PL86,Bracelet,White Gold,,58.000.000,58.000.000.,In stock,https://muzem.co/en/shop/stones-and-their-shapes/round/bracelet-white-gold-pl86/,https://muzem.co/wp-content/uploads/2025/05/PL86_9donofxwavl_2025-05-20-15-14-24.jpg,MUZEM_007_Bracelet_white_gold_PL86.jpg,/mnt/okcomputer/output/raw_images/MUZEM_007_Bracelet_white_gold_PL86.jpg,2026-02-22T02:01:25.821758
MUZEM_008,Bracelet with natural Emerald PL06,Bracelet,Other,Silver,2.500.000,2.500.000.,In stock,https://muzem.co/en/shop/silver/silver-bracelets/bracelet-with-natural-emerald-pl06/,https://muzem.co/wp-content/uploads/2025/05/PL06-3.jpg,MUZEM_008_Bracelet_with_natural_Emerald_PL06.jpg,/mnt/okcomputer/output/raw_images/MUZEM_008_Bracelet_with_natural_Emerald_PL06.jpg,2026-02-22T02:01:25.821758
MUZEM_009,Bracelet with natural Emerald PL07,Bracelet,Other,Silver,2.500.000,2.500.000.,In stock,https://muzem.co/en/shop/silver/silver-bracelets/bracelet-with-natural-emerald-pl07/,https://muzem.co/wp-content/uploads/2025/05/PL07-1.jpg,MUZEM_009_Bracelet_with_natural_Emerald_PL07.jpg,/mnt/okcomputer/output/raw_images/MUZEM_009_Bracelet_with_natural_Emerald_PL07.jpg,2026-02-22T02:01:25.821758
MUZEM_010,Bracelet with natural Emerald PL08,Bracelet,Other,Silver,3.000.000,3.000.000.,In stock,https://muzem.co/en/shop/silver/silver-bracelets/bracelet-with-natural-emerald-pl08/,https://muzem.co/wp-content/uploads/2025/05/PL03_6c0o305xrym_2025-05-28-09-51-56.jpg,MUZEM_010_Bracelet_with_natural_Emerald_PL08.jpg,/mnt/okcomputer/output/raw_images/MUZEM_010_Bracelet_with_natural_Emerald_PL08.jpg,2026-02-22T02:01:25.821758
MUZEM_011,Bracelet yellow gold PL143,Bracelet,18k Yellow Gold,,24.000.000,24.000.000.,In stock,https://muzem.co/en/shop/stones-and-their-shapes/oval/bracelet-yellow-gold-pl143/,https://muzem.co/wp-content/uploads/2025/05/PL143_75rvzfe81p9_2025-05-30-10-28-38.jpg,MUZEM_011_Bracelet_yellow_gold_PL143.jpg,/mnt/okcomputer/output/raw_images/MUZEM_011_Bracelet_yellow_gold_PL143.jpg,2026-02-22T02:01:25.821758
MUZEM_012,Bracelet yellow gold PL80,Bracelet,18k Yellow Gold,,15.000.000,15.000.000.,In stock,https://muzem.co/en/shop/stones-and-their-shapes/emerald/bracelet-yellow-gold-pl80/,https://muzem.co/wp-content/uploads/2025/05/PL80-4.jpg,MUZEM_012_Bracelet_yellow_gold_PL80.jpg,/mnt/okcomputer/output/raw_images/MUZEM_012_Bracelet_yellow_gold_PL80.jpg,2026-02-22T02:01:25.821758
MUZEM_013,Chain in white gold CD1401,Other,White Gold,White Gold,1.100.000,1.100.000.,In stock,https://muzem.co/en/shop/white-gold/chains-in-white-gold/chain-in-white-gold-cd1401/,https://muzem.co/wp-content/uploads/2025/03/CD1401-2.jpg,MUZEM_013_Chain_in_white_gold_CD1401.jpg,/mnt/okcomputer/output/raw_images/MUZEM_013_Chain_in_white_gold_CD1401.jpg,2026-02-22T02:01:25.821758
MUZEM_014,Chain in white gold CD1553,Other,White Gold,White Gold,1.500.000,1.500.000.,In stock,https://muzem.co/en/shop/white-gold/chains-in-white-gold/chain-in-white-gold-cd1553/,https://muzem.co/wp-content/uploads/2025/03/CD1553-1.jpg,MUZEM_014_Chain_in_white_gold_CD1553.jpg,/mnt/okcomputer/output/raw_images/MUZEM_014_Chain_in_white_gold_CD1553.jpg,2026-02-22T02:01:25.821758
MUZEM_015,Earrings in silver AR005,Ring,Silver,Silver,12.000.000,12.000.000.,In stock,https://muzem.co/en/shop/silver/silver-earrings/earrings-in-silver-ar005/,https://muzem.co/wp-content/uploads/2025/06/AR005-4.jpg,MUZEM_015_Earrings_in_silver_AR005.jpg,/mnt/okcomputer/output/raw_images/MUZEM_015_Earrings_in_silver_AR005.jpg,2026-02-22T02:01:25.821758
MUZEM_016,Earrings in silver AR006,Ring,Silver,Silver,20.000.000,20.000.000.,In stock,https://muzem.co/en/shop/silver/silver-earrings/earrings-in-silver-ar006/,https://muzem.co/wp-content/uploads/2025/03/AR00-4.jpg,MUZEM_016_Earrings_in_silver_AR006.jpg,/mnt/okcomputer/output/raw_images/MUZEM_016_Earrings_in_silver_AR006.jpg,2026-02-22T02:01:25.821758
MUZEM_017,Earrings in silver AR007,Ring,Silver,Silver,1.800.000,1.800.000.,In stock,https://muzem.co/en/shop/silver/silver-earrings/earrings-in-silver-ar007/,https://muzem.co/wp-content/uploads/2025/05/AR01-2.jpg,MUZEM_017_Earrings_in_silver_AR007.jpg,/mnt/okcomputer/output/raw_images/MUZEM_017_Earrings_in_silver_AR007.jpg,2026-02-22T02:01:25.821758
MUZEM_018,Earrings in silver AR008,Ring,Silver,Silver,1.800.000,1.800.000.,In stock,https://muzem.co/en/shop/silver/silver-earrings/earrings-in-silver-ar008/,https://muzem.co/wp-content/uploads/2025/05/AR02-4.jpg,MUZEM_018_Earrings_in_silver_AR008.jpg,/mnt/okcomputer/output/raw_images/MUZEM_018_Earrings_in_silver_AR008.jpg,2026-02-22T02:01:25.821758
MUZEM_019,Earrings in silver AR009,Ring,Silver,Silver,2.500.000,2.500.000.,In stock,https://muzem.co/en/shop/silver/silver-earrings/earrings-in-silver-ar009/,https://muzem.co/wp-content/uploads/2025/06/AR009-1.jpg,MUZEM_019_Earrings_in_silver_AR009.jpg,/mnt/okcomputer/output/raw_images/MUZEM_019_Earrings_in_silver_AR009.jpg,2026-02-22T02:01:25.821758
MUZEM_020,Earrings in silver AR010,Ring,Silver,Silver,2.500.000,2.500.000.,In stock,https://muzem.co/en/shop/silver/silver-earrings/earrings-in-silver-ar010/,https://muzem.co/wp-content/uploads/2025/06/AR010_8pwjpysqxja_2025-06-28-13-57-15.jpg,MUZEM_020_Earrings_in_silver_AR010.jpg,/mnt/okcomputer/output/raw_images/MUZEM_020_Earrings_in_silver_AR010.jpg,2026-02-22T02:01:25.821758
MUZEM_021,Earrings in silver with carved natural emerald AR002,Ring,Silver,Silver,1.200.000,1.200.000.,In stock,https://muzem.co/en/shop/silver/silver-earrings/earrings-in-silver-with-carved-natural-emerald-ar002/,https://muzem.co/wp-content/uploads/2025/05/AR002-1-1.jpg,MUZEM_021_Earrings_in_silver_with_carved_natural_emerald_AR0.jpg,/mnt/okcomputer/output/raw_images/MUZEM_021_Earrings_in_silver_with_carved_natural_emerald_AR0.jpg,2026-02-22T02:01:25.821758
MUZEM_022,Earrings in silver with carved natural emerald AR003,Ring,Silver,Silver,1.200.000,1.200.000.,In stock,https://muzem.co/en/shop/silver/silver-earrings/earrings-in-silver-with-carved-natural-emerald-ar003/,https://muzem.co/wp-content/uploads/2025/05/AR003-4.jpg,MUZEM_022_Earrings_in_silver_with_carved_natural_emerald_AR0.jpg,/mnt/okcomputer/output/raw_images/MUZEM_022_Earrings_in_silver_with_carved_natural_emerald_AR0.jpg,2026-02-22T02:01:25.821758
MUZEM_023,Earrings in silver with Natural Emerald Carved AR004,Ring,Silver,Silver,3.000.000,3.000.000.,In stock,https://muzem.co/en/shop/silver/silver-earrings/earrings-in-silver-with-natural-emerald-carved-ar004/,https://muzem.co/wp-content/uploads/2025/05/AR004-4.jpg,MUZEM_023_Earrings_in_silver_with_Natural_Emerald_Carved_AR0.jpg,/mnt/okcomputer/output/raw_images/MUZEM_023_Earrings_in_silver_with_Natural_Emerald_Carved_AR0.jpg,2026-02-22T02:01:25.821758
MUZEM_024,Earrings in white gold AR1981,Ring,White Gold,,4.000.000,4.000.000.,In stock,https://muzem.co/en/shop/stones-and-their-shapes/round/earrings-in-white-gold-ar1981/,https://muzem.co/wp-content/uploads/2025/07/AR1981-3.jpg,MUZEM_024_Earrings_in_white_gold_AR1981.jpg,/mnt/okcomputer/output/raw_images/MUZEM_024_Earrings_in_white_gold_AR1981.jpg,2026-02-22T02:01:25.821758
MUZEM_025,Earrings in yellow gold AR2437,Ring,18k Yellow Gold,Yellow Gold,12.000.000,12.000.000.,In stock,https://muzem.co/en/shop/yellow-gold/yellow-gold-earrings/earrings-in-yellow-gold-ar2437/,https://muzem.co/wp-content/uploads/2025/07/AR2437-3.jpg,MUZEM_025_Earrings_in_yellow_gold_AR2437.jpg,/mnt/okcomputer/output/raw_images/MUZEM_025_Earrings_in_yellow_gold_AR2437.jpg,2026-02-22T02:01:25.821758
MUZEM_026,Earrings in yellow gold AR2490,Ring,18k Yellow Gold,Yellow Gold,15.000.000,15.000.000.,In stock,https://muzem.co/en/shop/yellow-gold/earrings-in-yellow-gold-ar2490/,https://muzem.co/wp-content/uploads/2025/08/AR2490-3.jpg,MUZEM_026_Earrings_in_yellow_gold_AR2490.jpg,/mnt/okcomputer/output/raw_images/MUZEM_026_Earrings_in_yellow_gold_AR2490.jpg,2026-02-22T02:01:25.821758
MUZEM_027,Earrings in yellow gold AR2882,Ring,18k Yellow Gold,,6.500.000,6.500.000.,In stock,https://muzem.co/en/shop/stones-and-their-shapes/marquise/earrings-in-yellow-gold-ar2882/,https://muzem.co/wp-content/uploads/2025/06/AR2882-4.jpg,MUZEM_027_Earrings_in_yellow_gold_AR2882.jpg,/mnt/okcomputer/output/raw_images/MUZEM_027_Earrings_in_yellow_gold_AR2882.jpg,2026-02-22T02:01:25.821758
MUZEM_028,Earrings Yellow Gold AR2270,Ring,18k Yellow Gold,Yellow Gold,15.000.000,15.000.000.,In stock,https://muzem.co/en/shop/yellow-gold/yellow-gold-earrings/earrings-yellow-gold-ar2270/,https://muzem.co/wp-content/uploads/2025/03/AR2270.2.jpg,MUZEM_028_Earrings_Yellow_Gold_AR2270.jpg,/mnt/okcomputer/output/raw_images/MUZEM_028_Earrings_Yellow_Gold_AR2270.jpg,2026-02-22T02:01:25.821758
MUZEM_029,Earrings yellow gold AR2725,Ring,18k Yellow Gold,,10.000.000,10.000.000.,In stock,https://muzem.co/en/shop/stones-and-their-shapes/teardrop/earrings-yellow-gold-ar2725/,https://muzem.co/wp-content/uploads/2025/04/AR2725-1.jpg,MUZEM_029_Earrings_yellow_gold_AR2725.jpg,/mnt/okcomputer/output/raw_images/MUZEM_029_Earrings_yellow_gold_AR2725.jpg,2026-02-22T02:01:25.821758
MUZEM_030,Pendant in 18k yellow gold with carved natural emerald DJ2416,Ring,18k Yellow Gold,Yellow Gold,9.000.000,9.000.000.,In stock,https://muzem.co/en/shop/yellow-gold/yellow-gold-pendants/pendant-in-18k-yellow-gold-with-carved-natural-emerald-dj2416/,https://muzem.co/wp-content/uploads/2025/06/DJ2416-4.jpg,MUZEM_030_Pendant_in_18k_yellow_gold_with_carved_natural_eme.jpg,/mnt/okcomputer/output/raw_images/MUZEM_030_Pendant_in_18k_yellow_gold_with_carved_natural_eme.jpg,2026-02-22T02:01:25.821758
MUZEM_031,Pendant in 18k yellow gold with carved natural emerald DJ2420,Ring,18k Yellow Gold,Yellow Gold,6.000.000,6.000.000.,In stock,https://muzem.co/en/shop/yellow-gold/yellow-gold-pendants/pendant-in-18k-yellow-gold-with-carved-natural-emerald-dj2420/,https://muzem.co/wp-content/uploads/2025/06/DJ2420-3.jpeg,MUZEM_031_Pendant_in_18k_yellow_gold_with_carved_natural_eme.jpg,/mnt/okcomputer/output/raw_images/MUZEM_031_Pendant_in_18k_yellow_gold_with_carved_natural_eme.jpg,2026-02-22T02:01:25.821758
MUZEM_032,Pendant in 18k yellow gold with carved natural emerald DJ2426,Ring,18k Yellow Gold,Yellow Gold,6.000.000,6.000.000.,In stock,https://muzem.co/en/shop/yellow-gold/yellow-gold-pendants/pendant-in-18k-yellow-gold-with-carved-natural-emerald-dj2426/,https://muzem.co/wp-content/uploads/2025/06/DJ2426-2.jpg,MUZEM_032_Pendant_in_18k_yellow_gold_with_carved_natural_eme.jpg,/mnt/okcomputer/output/raw_images/MUZEM_032_Pendant_in_18k_yellow_gold_with_carved_natural_eme.jpg,2026-02-22T02:01:25.821758
MUZEM_033,Pendant in 18k yellow gold with carved natural Emerald DJ2439,Ring,18k Yellow Gold,Yellow Gold,9.800.000,9.800.000.,In stock,https://muzem.co/en/shop/yellow-gold/yellow-gold-pendants/pendant-in-18k-yellow-gold-with-carved-natural-emerald-dj2439/,https://muzem.co/wp-content/uploads/2025/06/DJ2439-2.jpeg,MUZEM_033_Pendant_in_18k_yellow_gold_with_carved_natural_Eme.jpg,/mnt/okcomputer/output/raw_images/MUZEM_033_Pendant_in_18k_yellow_gold_with_carved_natural_Eme.jpg,2026-02-22T02:01:25.821758
MUZEM_034,Pendant in 18k yellow gold with trapiche emeralds DJ2451,Ring,18k Yellow Gold,,30.000.000,30.000.000.,In stock,https://muzem.co/en/shop/stones-and-their-shapes/trapiche/pendant-in-18k-yellow-gold-with-trapiche-emeralds-dj2451/,https://muzem.co/wp-content/uploads/2025/06/DJ2451_so9gfujy0mk_2025-06-16-17-38-56.jpg,MUZEM_034_Pendant_in_18k_yellow_gold_with_trapiche_emeralds_.jpg,/mnt/okcomputer/output/raw_images/MUZEM_034_Pendant_in_18k_yellow_gold_with_trapiche_emeralds_.jpg,2026-02-22T02:01:25.821758
MUZEM_035,Pendant in silver DJ00,Ring,Silver,Silver,34.000.000,34.000.000.,In stock,https://muzem.co/en/shop/silver/silver-pendants/pendant-in-silver-dj00/,https://muzem.co/wp-content/uploads/2025/03/DJ00-5.jpg,MUZEM_035_Pendant_in_silver_DJ00.jpg,/mnt/okcomputer/output/raw_images/MUZEM_035_Pendant_in_silver_DJ00.jpg,2026-02-22T02:01:25.821758
MUZEM_036,Pendant in silver DJ010,Ring,Silver,Silver,6.500.000,6.500.000.,In stock,https://muzem.co/en/shop/silver/silver-pendants/pendant-in-silver-dj010/,https://muzem.co/wp-content/uploads/2025/06/DJ1009_5ysl6ivrrvn_2025-06-13-11-29-39.jpg,MUZEM_036_Pendant_in_silver_DJ010.jpg,/mnt/okcomputer/output/raw_images/MUZEM_036_Pendant_in_silver_DJ010.jpg,2026-02-22T02:01:25.821758
MUZEM_037,Pendant in silver with carved natural emerald DJ001,Ring,Silver,Silver,3.500.000,3.500.000.,In stock,https://muzem.co/en/shop/silver/silver-pendants/pendant-in-silver-with-carved-natural-emerald-dj1000/,https://muzem.co/wp-content/uploads/2025/03/DJ1000-4.jpg,MUZEM_037_Pendant_in_silver_with_carved_natural_emerald_DJ00.jpg,/mnt/okcomputer/output/raw_images/MUZEM_037_Pendant_in_silver_with_carved_natural_emerald_DJ00.jpg,2026-02-22T02:01:25.821758
MUZEM_038,Pendant in silver with carved natural emerald DJ002,Ring,Silver,Silver,1.300.000,1.300.000.,In stock,https://muzem.co/en/shop/silver/silver-pendants/pendant-in-silver-with-carved-natural-emerald-dj002/,https://muzem.co/wp-content/uploads/2025/05/DJ1001-1.jpg,MUZEM_038_Pendant_in_silver_with_carved_natural_emerald_DJ00.jpg,/mnt/okcomputer/output/raw_images/MUZEM_038_Pendant_in_silver_with_carved_natural_emerald_DJ00.jpg,2026-02-22T02:01:25.821758
MUZEM_039,Pendant in silver with carved natural emerald DJ003,Ring,Silver,Silver,3.000.000,3.000.000.,In stock,https://muzem.co/en/shop/silver/silver-pendants/pendant-in-silver-with-carved-natural-emerald-dj003/,https://muzem.co/wp-content/uploads/2025/05/DJ1002-4.jpg,MUZEM_039_Pendant_in_silver_with_carved_natural_emerald_DJ00.jpg,/mnt/okcomputer/output/raw_images/MUZEM_039_Pendant_in_silver_with_carved_natural_emerald_DJ00.jpg,2026-02-22T02:01:25.821758
MUZEM_040,Pendant in silver with carved natural emerald DJ004,Ring,Silver,Silver,1.200.000,1.200.000.,In stock,https://muzem.co/en/shop/silver/silver-pendants/pendant-in-silver-with-carved-natural-emerald-dj004/,https://muzem.co/wp-content/uploads/2025/05/DJ1003-4.jpg,MUZEM_040_Pendant_in_silver_with_carved_natural_emerald_DJ00.jpg,/mnt/okcomputer/output/raw_images/MUZEM_040_Pendant_in_silver_with_carved_natural_emerald_DJ00.jpg,2026-02-22T02:01:25.821758
MUZEM_041,Pendant in silver with carved natural emerald DJ005,Ring,Silver,Silver,1.800.000,1.800.000.,In stock,https://muzem.co/en/shop/silver/silver-pendants/pendant-in-silver-with-carved-natural-emerald-dj005/,https://muzem.co/wp-content/uploads/2025/05/DJ1004-3.jpg,MUZEM_041_Pendant_in_silver_with_carved_natural_emerald_DJ00.jpg,/mnt/okcomputer/output/raw_images/MUZEM_041_Pendant_in_silver_with_carved_natural_emerald_DJ00.jpg,2026-02-22T02:01:25.821758
MUZEM_042,Pendant in silver with carved natural emerald DJ006,Ring,Silver,Silver,1.800.000,1.800.000.,In stock,https://muzem.co/en/shop/silver/silver-pendants/pendant-in-silver-with-carved-natural-emerald-dj006/,https://muzem.co/wp-content/uploads/2025/05/DJ1005-2.jpg,MUZEM_042_Pendant_in_silver_with_carved_natural_emerald_DJ00.jpg,/mnt/okcomputer/output/raw_images/MUZEM_042_Pendant_in_silver_with_carved_natural_emerald_DJ00.jpg,2026-02-22T02:01:25.821758
MUZEM_043,Pendant in silver with carved natural emerald DJ008,Ring,Silver,Silver,6.000.000,6.000.000.,In stock,https://muzem.co/en/shop/silver/silver-pendants/pendant-in-silver-with-carved-natural-emerald-dj008/,https://muzem.co/wp-content/uploads/2025/06/DJ1007-1.jpg,MUZEM_043_Pendant_in_silver_with_carved_natural_emerald_DJ00.jpg,/mnt/okcomputer/output/raw_images/MUZEM_043_Pendant_in_silver_with_carved_natural_emerald_DJ00.jpg,2026-02-22T02:01:25.821758
MUZEM_044,Pendant in silver with carved natural emerald DJ009,Ring,Silver,Silver,5.000.000,5.000.000.,In stock,https://muzem.co/en/shop/silver/silver-pendants/pendant-in-silver-with-carved-natural-emerald-dj009/,https://muzem.co/wp-content/uploads/2025/06/DJ1008-3.jpg,MUZEM_044_Pendant_in_silver_with_carved_natural_emerald_DJ00.jpg,/mnt/okcomputer/output/raw_images/MUZEM_044_Pendant_in_silver_with_carved_natural_emerald_DJ00.jpg,2026-02-22T02:01:25.821758
MUZEM_045,Pendant in white gold DJ1030,Ring,White Gold,,2.300.000,2.300.000.,In stock,https://muzem.co/en/shop/stones-and-their-shapes/marquise/pendant-in-white-gold-dj1030/,https://muzem.co/wp-content/uploads/2025/03/DJ1030-2.jpg,MUZEM_045_Pendant_in_white_gold_DJ1030.jpg,/mnt/okcomputer/output/raw_images/MUZEM_045_Pendant_in_white_gold_DJ1030.jpg,2026-02-22T02:01:25.821758
MUZEM_046,Pendant in white gold DJ1299,Ring,White Gold,,10.000.000,10.000.000.,In stock,https://muzem.co/en/shop/stones-and-their-shapes/rectangular/pendant-in-white-gold-dj1299/,https://muzem.co/wp-content/uploads/2025/07/DJ1299-4.jpg,MUZEM_046_Pendant_in_white_gold_DJ1299.jpg,/mnt/okcomputer/output/raw_images/MUZEM_046_Pendant_in_white_gold_DJ1299.jpg,2026-02-22T02:01:25.821758
MUZEM_047,Pendant in white gold DJ1350,Ring,White Gold,,2.300.000,2.300.000.,In stock,https://muzem.co/en/shop/stones-and-their-shapes/oval/pendant-in-white-gold-dj1350/,https://muzem.co/wp-content/uploads/2025/03/DJ1350_5pi5ibcre1x_2025-03-15-09-55-51.jpg,MUZEM_047_Pendant_in_white_gold_DJ1350.jpg,/mnt/okcomputer/output/raw_images/MUZEM_047_Pendant_in_white_gold_DJ1350.jpg,2026-02-22T02:01:25.821758
MUZEM_048,Pendant in white gold DJ1385,Ring,White Gold,,6.000.000,6.000.000.,In stock,https://muzem.co/en/shop/stones-and-their-shapes/cushion/pendant-in-white-gold-dj1385/,https://muzem.co/wp-content/uploads/2025/07/DJ1385-4.jpg,MUZEM_048_Pendant_in_white_gold_DJ1385.jpg,/mnt/okcomputer/output/raw_images/MUZEM_048_Pendant_in_white_gold_DJ1385.jpg,2026-02-22T02:01:25.821758
MUZEM_049,Pendant in white gold DJ58 GY,Ring,White Gold,,5.500.000,5.500.000.,In stock,https://muzem.co/en/shop/stones-and-their-shapes/oval/pendant-in-white-gold-dj58-gy/,https://muzem.co/wp-content/uploads/2025/07/DJ58-GY-4.jpg,MUZEM_049_Pendant_in_white_gold_DJ58_GY.jpg,/mnt/okcomputer/output/raw_images/MUZEM_049_Pendant_in_white_gold_DJ58_GY.jpg,2026-02-22T02:01:25.821758
MUZEM_050,Pendant in white gold DJ935,Ring,White Gold,White Gold,3.000.000,3.000.000.,In stock,https://muzem.co/en/shop/white-gold/white-gold-pendants/pendant-in-white-gold-dj935/,https://muzem.co/wp-content/uploads/2025/03/DJ935-4.jpg,MUZEM_050_Pendant_in_white_gold_DJ935.jpg,/mnt/okcomputer/output/raw_images/MUZEM_050_Pendant_in_white_gold_DJ935.jpg,2026-02-22T02:01:25.821758
MUZEM_051,Pendant in yellow gold DJ1220,Ring,18k Yellow Gold,,8.500.000,8.500.000.,In stock,https://muzem.co/en/shop/stones-and-their-shapes/rectangular/pendant-in-yellow-gold-dj1220/,https://muzem.co/wp-content/uploads/2025/05/DJ1220-3.jpg,MUZEM_051_Pendant_in_yellow_gold_DJ1220.jpg,/mnt/okcomputer/output/raw_images/MUZEM_051_Pendant_in_yellow_gold_DJ1220.jpg,2026-02-22T02:01:25.821758
MUZEM_052,Pendant in yellow gold DJ1806,Ring,18k Yellow Gold,Yellow Gold,40.000.000,40.000.000.,In stock,https://muzem.co/en/shop/yellow-gold/yellow-gold-pendants/pendant-in-yellow-gold-dj1806/,https://muzem.co/wp-content/uploads/2025/03/DJ1806-2_momhlcp41fc_2025-02-28-16-53-30.jpg,MUZEM_052_Pendant_in_yellow_gold_DJ1806.jpg,/mnt/okcomputer/output/raw_images/MUZEM_052_Pendant_in_yellow_gold_DJ1806.jpg,2026-02-22T02:01:25.821758
MUZEM_053,Pendant in yellow gold DJ1879,Ring,18k Yellow Gold,,38.000.000,38.000.000.,In stock,https://muzem.co/en/shop/stones-and-their-shapes/heart/pendant-in-yellow-gold-dj1879/,https://muzem.co/wp-content/uploads/2025/03/DJ1879.5.jpg,MUZEM_053_Pendant_in_yellow_gold_DJ1879.jpg,/mnt/okcomputer/output/raw_images/MUZEM_053_Pendant_in_yellow_gold_DJ1879.jpg,2026-02-22T02:01:25.821758
MUZEM_054,Pendant in yellow gold DJ2117,Ring,18k Yellow Gold,,36.000.000,36.000.000.,In stock,https://muzem.co/en/shop/stones-and-their-shapes/rectangular/pendant-in-yellow-gold-dj2117/,https://muzem.co/wp-content/uploads/2025/07/DJ2117_6xdkpp9sehb_2025-07-17-14-47-06.jpg,MUZEM_054_Pendant_in_yellow_gold_DJ2117.jpg,/mnt/okcomputer/output/raw_images/MUZEM_054_Pendant_in_yellow_gold_DJ2117.jpg,2026-02-22T02:01:25.821758
MUZEM_055,Pendant in yellow gold DJ2171,Ring,18k Yellow Gold,,6.000.000,6.000.000.,In stock,https://muzem.co/en/shop/stones-and-their-shapes/round/pendant-in-yellow-gold-dj2171/,https://muzem.co/wp-content/uploads/2025/07/DJ2171-1.jpg,MUZEM_055_Pendant_in_yellow_gold_DJ2171.jpg,/mnt/okcomputer/output/raw_images/MUZEM_055_Pendant_in_yellow_gold_DJ2171.jpg,2026-02-22T02:01:25.821758
MUZEM_056,Pendant in yellow gold DJ2197,Ring,18k Yellow Gold,Yellow Gold,6.000.000,6.000.000.,In stock,https://muzem.co/en/shop/yellow-gold/pendant-in-yellow-gold-dj2197/,https://muzem.co/wp-content/uploads/2025/08/DJ2197_e6o0kt0rihq_2025-08-12-14-35-30.jpg,MUZEM_056_Pendant_in_yellow_gold_DJ2197.jpg,/mnt/okcomputer/output/raw_images/MUZEM_056_Pendant_in_yellow_gold_DJ2197.jpg,2026-02-22T02:01:25.821758
MUZEM_057,Pendant in yellow gold DJ2450,Ring,18k Yellow Gold,,35.000.000,35.000.000.,In stock,https://muzem.co/en/shop/stones-and-their-shapes/oval/pendant-in-yellow-gold-dj2450/,https://muzem.co/wp-content/uploads/2025/06/DJ2450-2.jpg,MUZEM_057_Pendant_in_yellow_gold_DJ2450.jpg,/mnt/okcomputer/output/raw_images/MUZEM_057_Pendant_in_yellow_gold_DJ2450.jpg,2026-02-22T02:01:25.821758
MUZEM_058,Pendant in yellow gold DJ2452,Ring,18k Yellow Gold,,3.500.000,3.500.000.,In stock,https://muzem.co/en/shop/stones-and-their-shapes/marquise/pendant-in-yellow-gold-dj2452/,https://muzem.co/wp-content/uploads/2025/06/DJ2452-3.jpg,MUZEM_058_Pendant_in_yellow_gold_DJ2452.jpg,/mnt/okcomputer/output/raw_images/MUZEM_058_Pendant_in_yellow_gold_DJ2452.jpg,2026-02-22T02:01:25.821758
MUZEM_059,Pendant in yellow gold DJ2458,Ring,18k Yellow Gold,,10.000.000,10.000.000.,In stock,https://muzem.co/en/shop/stones-and-their-shapes/square/pendant-in-yellow-gold-dj2458/,https://muzem.co/wp-content/uploads/2025/06/DJ2458-4.jpg,MUZEM_059_Pendant_in_yellow_gold_DJ2458.jpg,/mnt/okcomputer/output/raw_images/MUZEM_059_Pendant_in_yellow_gold_DJ2458.jpg,2026-02-22T02:01:25.821758
MUZEM_060,PL00 Silver Bracelet,Bracelet,Silver,Silver,12.000.000,12.000.000.,In stock,https://muzem.co/en/shop/silver/silver-bracelets/pl00-silver-bracelet/,https://muzem.co/wp-content/uploads/2025/03/PL00-3.jpg,MUZEM_060_PL00_Silver_Bracelet.jpg,/mnt/okcomputer/output/raw_images/MUZEM_060_PL00_Silver_Bracelet.jpg,2026-02-22T02:01:25.821758
MUZEM_061,PL05 Silver Bracelet,Bracelet,Silver,Silver,8.500.000,8.500.000.,In stock,https://muzem.co/en/shop/silver/silver-bracelets/pl05-silver-bracelet/,https://muzem.co/wp-content/uploads/2025/05/PL05-1.jpg,MUZEM_061_PL05_Silver_Bracelet.jpg,/mnt/okcomputer/output/raw_images/MUZEM_061_PL05_Silver_Bracelet.jpg,2026-02-22T02:01:25.821758
MUZEM_062,Platinum Ring AN1017,Ring,Platinum,Platinum,32.000.000,32.000.000.,In stock,https://muzem.co/en/shop/platinum/platinum-ring-an1017/,https://muzem.co/wp-content/uploads/2025/03/AN1017.3.jpg,MUZEM_062_Platinum_Ring_AN1017.jpg,/mnt/okcomputer/output/raw_images/MUZEM_062_Platinum_Ring_AN1017.jpg,2026-02-22T02:01:25.821758
MUZEM_063,Ring in 18k Yellow Gold with Emerald and Diamonds AN2044,Ring,18k Yellow Gold,Yellow Gold,12.000.000,12.000.000,In stock,https://muzem.co/en/shop/yellow-gold/ring-in-18k-yellow-gold-with-emerald-and-diamonds-an2044/,https://muzem.co/wp-content/uploads/2026/02/IMG_1600.jpeg,MUZEM_063_Ring_in_18k_Yellow_Gold_with_Emerald_and_Diamonds_.jpg,/mnt/okcomputer/output/raw_images/MUZEM_063_Ring_in_18k_Yellow_Gold_with_Emerald_and_Diamonds_.jpg,2026-02-22T02:01:25.821758
MUZEM_064,Ring in 18k Yellow Gold with Natural Colombian Emerald High Quilted AN2467,Ring,18k Yellow Gold,Yellow Gold,92.000.000,92.000.000,In stock,https://muzem.co/en/shop/yellow-gold/ring-in-18k-yellow-gold-with-natural-colombian-emerald-high-quilted-an2467/,https://muzem.co/wp-content/uploads/2026/02/IMG_1553.jpg,MUZEM_064_Ring_in_18k_Yellow_Gold_with_Natural_Colombian_Eme.jpg,/mnt/okcomputer/output/raw_images/MUZEM_064_Ring_in_18k_Yellow_Gold_with_Natural_Colombian_Eme.jpg,2026-02-22T02:01:25.821758
MUZEM_065,Ring in yellow gold AN2171,Ring,18k Yellow Gold,,100.000.000,100.000.000.,In stock,https://muzem.co/en/shop/stones-and-their-shapes/trapiche/ring-in-yellow-gold-an2171/,https://muzem.co/wp-content/uploads/2025/06/AN2171_n9amh3t78c_2025-06-12-11-34-35.jpg,MUZEM_065_Ring_in_yellow_gold_AN2171.jpg,/mnt/okcomputer/output/raw_images/MUZEM_065_Ring_in_yellow_gold_AN2171.jpg,2026-02-22T02:01:25.821758
MUZEM_066,"Ring yellow gold Emerald 0.68 cts, drop cut AN2459",Ring,18k Yellow Gold,Yellow Gold,12.400.000,12.400.000,In stock,https://muzem.co/en/shop/yellow-gold/ring-yellow-gold-emerald-0-68-cts-drop-cut-an2459/,https://muzem.co/wp-content/uploads/2026/01/IMG_1526.jpeg,MUZEM_066_Ring_yellow_gold_Emerald_068_cts_drop_cut_AN2459.jpg,/mnt/okcomputer/output/raw_images/MUZEM_066_Ring_yellow_gold_Emerald_068_cts_drop_cut_AN2459.jpg,2026-02-22T02:01:25.821758
MUZEM_067,Silver bracelet PL01,Bracelet,Silver,Silver,2.000.000,2.000.000.,In stock,https://muzem.co/en/shop/silver/silver-bracelets/silver-bracelet-pl01/,https://muzem.co/wp-content/uploads/2025/04/PL01-1.jpg,MUZEM_067_Silver_bracelet_PL01.jpg,/mnt/okcomputer/output/raw_images/MUZEM_067_Silver_bracelet_PL01.jpg,2026-02-22T02:01:25.821758
MUZEM_068,Silver bracelet PL02,Bracelet,Silver,Silver,6.000.000,6.000.000.,In stock,https://muzem.co/en/shop/silver/silver-bracelets/silver-bracelet-pl02/,https://muzem.co/wp-content/uploads/2025/05/PL02-1.jpg,MUZEM_068_Silver_bracelet_PL02.jpg,/mnt/okcomputer/output/raw_images/MUZEM_068_Silver_bracelet_PL02.jpg,2026-02-22T02:01:25.821758
MUZEM_069,Silver bracelet PL04,Bracelet,Silver,Silver,3.500.000,3.500.000.,In stock,https://muzem.co/en/shop/silver/silver-bracelets/silver-bracelet-pl04/,https://muzem.co/wp-content/uploads/2025/05/PL04-1.jpg,MUZEM_069_Silver_bracelet_PL04.jpg,/mnt/okcomputer/output/raw_images/MUZEM_069_Silver_bracelet_PL04.jpg,2026-02-22T02:01:25.821758
MUZEM_070,Silver earrings AR011,Ring,Silver,Silver,9.000.000,9.000.000.,In stock,https://muzem.co/en/shop/silver/silver-earrings/silver-earrings-ar011/,https://muzem.co/wp-content/uploads/2025/06/AR011_nosrnzovyh_2025-06-28-12-53-27.jpg,MUZEM_070_Silver_earrings_AR011.jpg,/mnt/okcomputer/output/raw_images/MUZEM_070_Silver_earrings_AR011.jpg,2026-02-22T02:01:25.821758
MUZEM_071,Silver pendant DJ011,Ring,Silver,Silver,4.500.000,4.500.000.,In stock,https://muzem.co/en/shop/silver/silver-pendants/silver-pendant-dj011/,https://muzem.co/wp-content/uploads/2025/06/DJ1010-1.jpg,MUZEM_071_Silver_pendant_DJ011.jpg,/mnt/okcomputer/output/raw_images/MUZEM_071_Silver_pendant_DJ011.jpg,2026-02-22T02:01:25.821758
MUZEM_072,Silver pendant DJ012,Ring,Silver,Silver,1.400.000,1.400.000.,In stock,https://muzem.co/en/shop/silver/silver-pendants/silver-pendant-dj012/,https://muzem.co/wp-content/uploads/2025/06/DJ012-2.jpg,MUZEM_072_Silver_pendant_DJ012.jpg,/mnt/okcomputer/output/raw_images/MUZEM_072_Silver_pendant_DJ012.jpg,2026-02-22T02:01:25.821758
MUZEM_073,Silver ring AN001,Ring,Silver,Silver,1.500.000,1.500.000.,In stock,https://muzem.co/en/shop/silver/silver-rings/silver-ring-an001/,https://muzem.co/wp-content/uploads/2025/03/AN000-4.jpg,MUZEM_073_Silver_ring_AN001.jpg,/mnt/okcomputer/output/raw_images/MUZEM_073_Silver_ring_AN001.jpg,2026-02-22T02:01:25.821758
MUZEM_074,Silver Ring AN002,Ring,Silver,Silver,1.200.000,1.200.000.,In stock,https://muzem.co/en/shop/silver/silver-rings/silver-ring-an002/,https://muzem.co/wp-content/uploads/2025/04/AN001-1.jpg,MUZEM_074_Silver_Ring_AN002.jpg,/mnt/okcomputer/output/raw_images/MUZEM_074_Silver_Ring_AN002.jpg,2026-02-22T02:01:25.821758
MUZEM_075,Silver ring AN003,Ring,Silver,Silver,1.000.000,1.000.000.,In stock,https://muzem.co/en/shop/silver/silver-rings/silver-ring-an003/,https://muzem.co/wp-content/uploads/2025/04/AN002-4.jpg,MUZEM_075_Silver_ring_AN003.jpg,/mnt/okcomputer/output/raw_images/MUZEM_075_Silver_ring_AN003.jpg,2026-02-22T02:01:25.821758
MUZEM_076,Silver ring AN007,Ring,Silver,Silver,4.500.000,4.500.000.,In stock,https://muzem.co/en/shop/silver/silver-rings/silver-ring-an007/,https://muzem.co/wp-content/uploads/2025/06/AN004-2.jpg,MUZEM_076_Silver_ring_AN007.jpg,/mnt/okcomputer/output/raw_images/MUZEM_076_Silver_ring_AN007.jpg,2026-02-22T02:01:25.821758
MUZEM_077,Silver ring AN010,Ring,Silver,Silver,4.000.000,4.000.000.,In stock,https://muzem.co/en/shop/silver/silver-rings/silver-ring-an010/,https://muzem.co/wp-content/uploads/2025/07/AN010-4.jpg,MUZEM_077_Silver_ring_AN010.jpg,/mnt/okcomputer/output/raw_images/MUZEM_077_Silver_ring_AN010.jpg,2026-02-22T02:01:25.821758
MUZEM_078,Silver Ring with Natural Carved Emerald AN004,Ring,Silver,Silver,900.000,900.000.,In stock,https://muzem.co/en/shop/silver/silver-rings/silver-ring-with-natural-carved-emerald-an004/,https://muzem.co/wp-content/uploads/2025/05/AN003-4.jpg,MUZEM_078_Silver_Ring_with_Natural_Carved_Emerald_AN004.jpg,/mnt/okcomputer/output/raw_images/MUZEM_078_Silver_Ring_with_Natural_Carved_Emerald_AN004.jpg,2026-02-22T02:01:25.821758
MUZEM_079,Silver Ring with Natural Carved Emerald AN005,Ring,Silver,Silver,1.200.000,1.200.000.,In stock,https://muzem.co/en/shop/silver/silver-rings/silver-ring-with-natural-carved-emerald-an005/,https://muzem.co/wp-content/uploads/2025/05/AN004-4.jpg,MUZEM_079_Silver_Ring_with_Natural_Carved_Emerald_AN005.jpg,/mnt/okcomputer/output/raw_images/MUZEM_079_Silver_Ring_with_Natural_Carved_Emerald_AN005.jpg,2026-02-22T02:01:25.821758
MUZEM_080,Silver Ring with Natural Carved Emerald AN006,Ring,Silver,Silver,2.500.000,2.500.000.,In stock,https://muzem.co/en/shop/silver/silver-rings/silver-ring-with-natural-carved-emerald-an006/,https://muzem.co/wp-content/uploads/2025/05/AN005-2.jpg,MUZEM_080_Silver_Ring_with_Natural_Carved_Emerald_AN006.jpg,/mnt/okcomputer/output/raw_images/MUZEM_080_Silver_Ring_with_Natural_Carved_Emerald_AN006.jpg,2026-02-22T02:01:25.821758
MUZEM_081,Silver Ring with Natural Carved Emerald AN009,Ring,Silver,Silver,3.500.000,3.500.000.,In stock,https://muzem.co/en/shop/silver/silver-rings/silver-ring-with-natural-carved-emerald-an009/,https://muzem.co/wp-content/uploads/2025/05/AN007-4.jpg,MUZEM_081_Silver_Ring_with_Natural_Carved_Emerald_AN009.jpg,/mnt/okcomputer/output/raw_images/MUZEM_081_Silver_Ring_with_Natural_Carved_Emerald_AN009.jpg,2026-02-22T02:01:25.821758
MUZEM_082,Sterling Silver Pendant with Rough Natural Emerald DJ007,Ring,Silver,Silver,2.200.000,2.200.000.,In stock,https://muzem.co/en/shop/silver/silver-pendants/sterling-silver-pendant-with-rough-natural-emerald-dj007/,https://muzem.co/wp-content/uploads/2025/05/DJ1006-1.jpg,MUZEM_082_Sterling_Silver_Pendant_with_Rough_Natural_Emerald.jpg,/mnt/okcomputer/output/raw_images/MUZEM_082_Sterling_Silver_Pendant_with_Rough_Natural_Emerald.jpg,2026-02-22T02:01:25.821758
MUZEM_083,White gold earrings AR1541,Ring,White Gold,,14.000.000,14.000.000.,In stock,https://muzem.co/en/shop/stones-and-their-shapes/oval/white-gold-earrings-ar1541/,https://muzem.co/wp-content/uploads/2025/04/AR1541-1.jpg,MUZEM_083_White_gold_earrings_AR1541.jpg,/mnt/okcomputer/output/raw_images/MUZEM_083_White_gold_earrings_AR1541.jpg,2026-02-22T02:01:25.821758
MUZEM_084,White gold earrings AR1615,Ring,White Gold,,8.000.000,8.000.000.,In stock,https://muzem.co/en/shop/stones-and-their-shapes/rectangular/white-gold-earrings-ar1615/,https://muzem.co/wp-content/uploads/2025/04/AR1615-4.jpg,MUZEM_084_White_gold_earrings_AR1615.jpg,/mnt/okcomputer/output/raw_images/MUZEM_084_White_gold_earrings_AR1615.jpg,2026-02-22T02:01:25.821758
MUZEM_085,White gold earrings AR1832,Ring,White Gold,,6.000.000,6.000.000.,In stock,https://muzem.co/en/shop/stones-and-their-shapes/round/white-gold-earrings-ar1832/,https://muzem.co/wp-content/uploads/2025/04/AR1832-1.jpg,MUZEM_085_White_gold_earrings_AR1832.jpg,/mnt/okcomputer/output/raw_images/MUZEM_085_White_gold_earrings_AR1832.jpg,2026-02-22T02:01:25.821758
MUZEM_086,White gold earrings AR1893,Ring,White Gold,White Gold,60.000.000,60.000.000.,In stock,https://muzem.co/en/shop/white-gold/white-gold-earrings/white-gold-earrings-ar1893/,https://muzem.co/wp-content/uploads/2025/03/AR1893.3.jpg,MUZEM_086_White_gold_earrings_AR1893.jpg,/mnt/okcomputer/output/raw_images/MUZEM_086_White_gold_earrings_AR1893.jpg,2026-02-22T02:01:25.821758
MUZEM_087,White gold earrings AR1989,Ring,White Gold,,9.000.000,9.000.000.,In stock,https://muzem.co/en/shop/stones-and-their-shapes/round/white-gold-earrings-ar1989/,https://muzem.co/wp-content/uploads/2025/03/AR1989-1.jpg,MUZEM_087_White_gold_earrings_AR1989.jpg,/mnt/okcomputer/output/raw_images/MUZEM_087_White_gold_earrings_AR1989.jpg,2026-02-22T02:01:25.821758
MUZEM_088,White gold pendant DJ1367,Ring,White Gold,,43.000.000,43.000.000.,In stock,https://muzem.co/en/shop/uncategorized/white-gold-pendant-dj1367/,https://muzem.co/wp-content/uploads/2025/03/DJ1367-3.jpg,MUZEM_088_White_gold_pendant_DJ1367.jpg,/mnt/okcomputer/output/raw_images/MUZEM_088_White_gold_pendant_DJ1367.jpg,2026-02-22T02:01:25.821758
MUZEM_089,White gold pendant DJ1393,Ring,White Gold,,9.000.000,9.000.000.,In stock,https://muzem.co/en/shop/stones-and-their-shapes/round/white-gold-pendant-dj1393/,https://muzem.co/wp-content/uploads/2025/07/DJ1393_6sq4vzzye9p_2025-07-11-14-07-33.jpg,MUZEM_089_White_gold_pendant_DJ1393.jpg,/mnt/okcomputer/output/raw_images/MUZEM_089_White_gold_pendant_DJ1393.jpg,2026-02-22T02:01:25.821758
MUZEM_090,White gold pendant DJ1506,Ring,White Gold,,48.000.000,48.000.000.,In stock,https://muzem.co/en/shop/stones-and-their-shapes/teardrop/white-gold-pendant-dj1506/,https://muzem.co/wp-content/uploads/2025/03/DJ1506-1.jpg,MUZEM_090_White_gold_pendant_DJ1506.jpg,/mnt/okcomputer/output/raw_images/MUZEM_090_White_gold_pendant_DJ1506.jpg,2026-02-22T02:01:25.821758
MUZEM_091,White gold pendant DJ1511,Ring,White Gold,,6.000.000,6.000.000.,In stock,https://muzem.co/en/shop/stones-and-their-shapes/teardrop/white-gold-pendant-dj1511/,https://muzem.co/wp-content/uploads/2025/03/DJ1511-3.jpg,MUZEM_091_White_gold_pendant_DJ1511.jpg,/mnt/okcomputer/output/raw_images/MUZEM_091_White_gold_pendant_DJ1511.jpg,2026-02-22T02:01:25.821758
MUZEM_092,White gold ring AN1342,Ring,White Gold,,2.000.000,2.000.000.,In stock,https://muzem.co/en/shop/stones-and-their-shapes/round/white-gold-ring-an1342/,https://muzem.co/wp-content/uploads/2025/03/1342-4.jpg,MUZEM_092_White_gold_ring_AN1342.jpg,/mnt/okcomputer/output/raw_images/MUZEM_092_White_gold_ring_AN1342.jpg,2026-02-22T02:01:25.821758
MUZEM_093,White gold ring AN1375,Ring,White Gold,,3.000.000,3.000.000.,In stock,https://muzem.co/en/shop/stones-and-their-shapes/heart/white-gold-ring-an1375/,https://muzem.co/wp-content/uploads/2025/03/AN1375-4.jpg,MUZEM_093_White_gold_ring_AN1375.jpg,/mnt/okcomputer/output/raw_images/MUZEM_093_White_gold_ring_AN1375.jpg,2026-02-22T02:01:25.821758
MUZEM_094,White gold ring AN1513,Ring,White Gold,,7.000.000,7.000.000.,In stock,https://muzem.co/en/shop/stones-and-their-shapes/heart/white-gold-ring-an1513/,https://muzem.co/wp-content/uploads/2025/03/AN1513_pf0nmvdmip_2025-03-25-14-05-58.jpg,MUZEM_094_White_gold_ring_AN1513.jpg,/mnt/okcomputer/output/raw_images/MUZEM_094_White_gold_ring_AN1513.jpg,2026-02-22T02:01:25.821758
MUZEM_095,White gold ring AN1584,Ring,White Gold,,16.000.000,16.000.000.,In stock,https://muzem.co/en/shop/stones-and-their-shapes/emerald/white-gold-ring-an1584/,https://muzem.co/wp-content/uploads/2025/03/AN1584-1.jpg,MUZEM_095_White_gold_ring_AN1584.jpg,/mnt/okcomputer/output/raw_images/MUZEM_095_White_gold_ring_AN1584.jpg,2026-02-22T02:01:25.821758
MUZEM_096,White gold ring AN1585,Ring,White Gold,,23.000.000,23.000.000.,In stock,https://muzem.co/en/shop/stones-and-their-shapes/emerald/white-gold-ring-an1585/,https://muzem.co/wp-content/uploads/2025/05/AN1585-1.jpg,MUZEM_096_White_gold_ring_AN1585.jpg,/mnt/okcomputer/output/raw_images/MUZEM_096_White_gold_ring_AN1585.jpg,2026-02-22T02:01:25.821758
MUZEM_097,White gold ring AN1593,Ring,White Gold,White Gold,38.000.000,38.000.000.,In stock,https://muzem.co/en/shop/white-gold/white-gold-rings/white-gold-ring-an1593/,https://muzem.co/wp-content/uploads/2025/03/AN1593-1.jpg,MUZEM_097_White_gold_ring_AN1593.jpg,/mnt/okcomputer/output/raw_images/MUZEM_097_White_gold_ring_AN1593.jpg,2026-02-22T02:01:25.821758
MUZEM_098,White gold ring AN1633,Ring,White Gold,White Gold,7.500.000,7.500.000.,In stock,https://muzem.co/en/shop/white-gold/white-gold-rings/white-gold-ring-an1633/,https://muzem.co/wp-content/uploads/2025/03/AN1633-1.jpg,MUZEM_098_White_gold_ring_AN1633.jpg,/mnt/okcomputer/output/raw_images/MUZEM_098_White_gold_ring_AN1633.jpg,2026-02-22T02:01:25.821758
MUZEM_099,White gold ring AN1675,Ring,White Gold,,19.000.000,19.000.000.,In stock,https://muzem.co/en/shop/stones-and-their-shapes/cushion/white-gold-ring-an1675/,https://muzem.co/wp-content/uploads/2025/06/AN1675-4.jpg,MUZEM_099_White_gold_ring_AN1675.jpg,/mnt/okcomputer/output/raw_images/MUZEM_099_White_gold_ring_AN1675.jpg,2026-02-22T02:01:25.821758
MUZEM_100,White gold ring AN1677,Ring,White Gold,,100.000.000,100.000.000.,In stock,https://muzem.co/en/shop/stones-and-their-shapes/rectangular/white-gold-ring-an1677/,https://muzem.co/wp-content/uploads/2025/06/AN1677-2.jpg,MUZEM_100_White_gold_ring_AN1677.jpg,/mnt/okcomputer/output/raw_images/MUZEM_100_White_gold_ring_AN1677.jpg,2026-02-22T02:01:25.821758
MUZEM_101,White gold ring AN938 OB,Ring,White Gold,White Gold,9.000.000,9.000.000.,In stock,https://muzem.co/en/shop/white-gold/white-gold-ring-an938-ob/,https://muzem.co/wp-content/uploads/2025/08/AN938-1.jpg,MUZEM_101_White_gold_ring_AN938_OB.jpg,/mnt/okcomputer/output/raw_images/MUZEM_101_White_gold_ring_AN938_OB.jpg,2026-02-22T02:01:25.821758
MUZEM_102,White gold ring AN947,Ring,White Gold,,10.000.000,10.000.000.,In stock,https://muzem.co/en/shop/stones-and-their-shapes/rectangular/white-gold-ring-an947/,https://muzem.co/wp-content/uploads/2025/03/AN947-4.jpg,MUZEM_102_White_gold_ring_AN947.jpg,/mnt/okcomputer/output/raw_images/MUZEM_102_White_gold_ring_AN947.jpg,2026-02-22T02:01:25.821758
MUZEM_103,White gold ring with Moissanite AN1673,Ring,White Gold,White Gold,9.000.000,9.000.000.,In stock,https://muzem.co/en/shop/white-gold/white-gold-rings/white-gold-ring-with-moissanite-an1673/,https://muzem.co/wp-content/uploads/2025/06/AN1673-4.jpg,MUZEM_103_White_gold_ring_with_Moissanite_AN1673.jpg,/mnt/okcomputer/output/raw_images/MUZEM_103_White_gold_ring_with_Moissanite_AN1673.jpg,2026-02-22T02:01:25.821758
MUZEM_104,Yellow gold bracelet PL122,Bracelet,18k Yellow Gold,Yellow Gold,15.000.000,15.000.000.,In stock,https://muzem.co/en/shop/yellow-gold/yellow-gold-bracelets/yellow-gold-bracelet-pl122/,https://muzem.co/wp-content/uploads/2025/03/PL122.6.jpg,MUZEM_104_Yellow_gold_bracelet_PL122.jpg,/mnt/okcomputer/output/raw_images/MUZEM_104_Yellow_gold_bracelet_PL122.jpg,2026-02-22T02:01:25.821758
MUZEM_105,Yellow gold bracelet PL98,Bracelet,18k Yellow Gold,,18.000.000,18.000.000.,In stock,https://muzem.co/en/shop/stones-and-their-shapes/trapiche/yellow-gold-bracelet-pl98/,https://muzem.co/wp-content/uploads/2025/05/PL98-3.jpg,MUZEM_105_Yellow_gold_bracelet_PL98.jpg,/mnt/okcomputer/output/raw_images/MUZEM_105_Yellow_gold_bracelet_PL98.jpg,2026-02-22T02:01:25.821758
MUZEM_106,Yellow gold earrings AR12 GH,Ring,18k Yellow Gold,,5.000.000,5.000.000.,In stock,https://muzem.co/en/shop/stones-and-their-shapes/rectangular/yellow-gold-earrings-ar12-gh/,https://muzem.co/wp-content/uploads/2025/07/AR12-GH-1.jpg,MUZEM_106_Yellow_gold_earrings_AR12_GH.jpg,/mnt/okcomputer/output/raw_images/MUZEM_106_Yellow_gold_earrings_AR12_GH.jpg,2026-02-22T02:01:25.821758
MUZEM_107,Yellow gold earrings AR2698,Ring,18k Yellow Gold,,8.000.000,8.000.000.,In stock,https://muzem.co/en/shop/stones-and-their-shapes/oval/yellow-gold-earrings-ar2698/,https://muzem.co/wp-content/uploads/2025/04/AR2698-4.jpg,MUZEM_107_Yellow_gold_earrings_AR2698.jpg,/mnt/okcomputer/output/raw_images/MUZEM_107_Yellow_gold_earrings_AR2698.jpg,2026-02-22T02:01:25.821758
MUZEM_108,Yellow gold earrings AR2717,Ring,18k Yellow Gold,,10.000.000,10.000.000.,In stock,https://muzem.co/en/shop/stones-and-their-shapes/oval/yellow-gold-earrings-ar2717/,https://muzem.co/wp-content/uploads/2025/04/AR2717.1.jpg,MUZEM_108_Yellow_gold_earrings_AR2717.jpg,/mnt/okcomputer/output/raw_images/MUZEM_108_Yellow_gold_earrings_AR2717.jpg,2026-02-22T02:01:25.821758
MUZEM_109,Yellow gold earrings AR2766,Ring,18k Yellow Gold,,17.000.000,17.000.000.,In stock,https://muzem.co/en/shop/stones-and-their-shapes/rectangular/yellow-gold-earrings-ar2766/,https://muzem.co/wp-content/uploads/2025/05/AR2766-3.jpg,MUZEM_109_Yellow_gold_earrings_AR2766.jpg,/mnt/okcomputer/output/raw_images/MUZEM_109_Yellow_gold_earrings_AR2766.jpg,2026-02-22T02:01:25.821758
MUZEM_110,Yellow gold earrings AR2890,Ring,18k Yellow Gold,,19.000.000,19.000.000.,In stock,https://muzem.co/en/shop/stones-and-their-shapes/marquise/yellow-gold-earrings-ar2890/,https://muzem.co/wp-content/uploads/2025/06/AR2890_hxtf9vr7jh_2025-06-17-16-34-12.jpg,MUZEM_110_Yellow_gold_earrings_AR2890.jpg,/mnt/okcomputer/output/raw_images/MUZEM_110_Yellow_gold_earrings_AR2890.jpg,2026-02-22T02:01:25.821758
MUZEM_111,Yellow gold earrings DJ2414,Ring,18k Yellow Gold,,16.000.000,16.000.000.,In stock,https://muzem.co/en/shop/stones-and-their-shapes/emerald/yellow-gold-earrings-dj2414/,https://muzem.co/wp-content/uploads/2025/03/AR2414-1.jpg,MUZEM_111_Yellow_gold_earrings_DJ2414.jpg,/mnt/okcomputer/output/raw_images/MUZEM_111_Yellow_gold_earrings_DJ2414.jpg,2026-02-22T02:01:25.821758
MUZEM_112,Yellow gold pendant,Ring,18k Yellow Gold,,7.000.000,7.000.000.,In stock,https://muzem.co/en/shop/stones-and-their-shapes/trapiche/yellow-gold-pendant/,https://muzem.co/wp-content/uploads/2025/05/Set01D-4.jpg,MUZEM_112_Yellow_gold_pendant.jpg,/mnt/okcomputer/output/raw_images/MUZEM_112_Yellow_gold_pendant.jpg,2026-02-22T02:01:25.821758
MUZEM_113,Yellow gold pendant DJ1313,Ring,18k Yellow Gold,,11.500.000,11.500.000.,In stock,https://muzem.co/en/shop/stones-and-their-shapes/emerald/yellow-gold-pendant-dj1313/,https://muzem.co/wp-content/uploads/2025/03/DJ1313-1.jpg,MUZEM_113_Yellow_gold_pendant_DJ1313.jpg,/mnt/okcomputer/output/raw_images/MUZEM_113_Yellow_gold_pendant_DJ1313.jpg,2026-02-22T02:01:25.821758
MUZEM_114,Yellow gold pendant DJ1694,Ring,18k Yellow Gold,,8.000.000,8.000.000.,In stock,https://muzem.co/en/shop/stones-and-their-shapes/round/yellow-gold-pendant-dj1694/,https://muzem.co/wp-content/uploads/2025/03/DJ1694-1.jpg,MUZEM_114_Yellow_gold_pendant_DJ1694.jpg,/mnt/okcomputer/output/raw_images/MUZEM_114_Yellow_gold_pendant_DJ1694.jpg,2026-02-22T02:01:25.821758
MUZEM_115,Yellow gold pendant DJ1993,Ring,18k Yellow Gold,Yellow Gold,20.000.000,20.000.000.,In stock,https://muzem.co/en/shop/yellow-gold/yellow-gold-pendants/dj1993/,https://muzem.co/wp-content/uploads/2025/03/DJ1993.4.jpg,MUZEM_115_Yellow_gold_pendant_DJ1993.jpg,/mnt/okcomputer/output/raw_images/MUZEM_115_Yellow_gold_pendant_DJ1993.jpg,2026-02-22T02:01:25.821758
MUZEM_116,Yellow gold pendant DJ1995,Ring,18k Yellow Gold,,15.000.000,15.000.000.,In stock,https://muzem.co/en/shop/stones-and-their-shapes/marquise/yellow-gold-pendant-dj1995/,https://muzem.co/wp-content/uploads/2025/03/AN1995-2.jpg,MUZEM_116_Yellow_gold_pendant_DJ1995.jpg,/mnt/okcomputer/output/raw_images/MUZEM_116_Yellow_gold_pendant_DJ1995.jpg,2026-02-22T02:01:25.821758
MUZEM_117,Yellow gold pendant DJ2211,Ring,18k Yellow Gold,,6.000.000,6.000.000.,In stock,https://muzem.co/en/shop/stones-and-their-shapes/round/yellow-gold-pendant-dj2211/,https://muzem.co/wp-content/uploads/2025/03/DJ2211-1.jpg,MUZEM_117_Yellow_gold_pendant_DJ2211.jpg,/mnt/okcomputer/output/raw_images/MUZEM_117_Yellow_gold_pendant_DJ2211.jpg,2026-02-22T02:01:25.821758
MUZEM_118,Yellow gold pendant DJ2470,Ring,18k Yellow Gold,,58.000.000,58.000.000.,In stock,https://muzem.co/en/shop/stones-and-their-shapes/teardrop/yellow-gold-pendant-dj2470/,https://muzem.co/wp-content/uploads/2025/06/DJ2470_3fu22gvfwf1_2025-06-16-17-50-35.jpg,MUZEM_118_Yellow_gold_pendant_DJ2470.jpg,/mnt/okcomputer/output/raw_images/MUZEM_118_Yellow_gold_pendant_DJ2470.jpg,2026-02-22T02:01:25.821758
MUZEM_119,Yellow gold ring AN 2071,Ring,18k Yellow Gold,,3.200.000,3.200.000.,In stock,https://muzem.co/en/shop/stones-and-their-shapes/marquise/yellow-gold-ring-an-2071/,https://muzem.co/wp-content/uploads/2025/03/AN2071-1.jpg,MUZEM_119_Yellow_gold_ring_AN_2071.jpg,/mnt/okcomputer/output/raw_images/MUZEM_119_Yellow_gold_ring_AN_2071.jpg,2026-02-22T02:01:25.821758
MUZEM_120,Yellow gold ring AN1361,Ring,18k Yellow Gold,Yellow Gold,26.000.000,26.000.000.,In stock,https://muzem.co/en/shop/yellow-gold/yellow-gold-rings/yellow-gold-ring-an1361/,https://muzem.co/wp-content/uploads/2025/03/AN1361-4.jpg,MUZEM_120_Yellow_gold_ring_AN1361.jpg,/mnt/okcomputer/output/raw_images/MUZEM_120_Yellow_gold_ring_AN1361.jpg,2026-02-22T02:01:25.821758
MUZEM_121,Yellow gold ring AN1626,Ring,18k Yellow Gold,,18.000.000,18.000.000.,In stock,https://muzem.co/en/shop/stones-and-their-shapes/trillion/yellow-gold-ring-an1626/,https://muzem.co/wp-content/uploads/2025/03/AN1626_i3ob0rwe29s_2025-03-25-15-07-48.jpg,MUZEM_121_Yellow_gold_ring_AN1626.jpg,/mnt/okcomputer/output/raw_images/MUZEM_121_Yellow_gold_ring_AN1626.jpg,2026-02-22T02:01:25.821758
MUZEM_122,Yellow gold ring AN1756,Ring,18k Yellow Gold,Yellow Gold,13.000.000,13.000.000.,In stock,https://muzem.co/en/shop/yellow-gold/yellow-gold-rings/yellow-gold-ring-an1756/,https://muzem.co/wp-content/uploads/2025/03/AN1756.2.jpg,MUZEM_122_Yellow_gold_ring_AN1756.jpg,/mnt/okcomputer/output/raw_images/MUZEM_122_Yellow_gold_ring_AN1756.jpg,2026-02-22T02:01:25.821758
MUZEM_123,Yellow gold ring AN1890,Ring,18k Yellow Gold,,15.000.000,15.000.000.,In stock,https://muzem.co/en/shop/stones-and-their-shapes/heart/yellow-gold-ring-an1890/,https://muzem.co/wp-content/uploads/2025/07/AN1890-3.jpg,MUZEM_123_Yellow_gold_ring_AN1890.jpg,/mnt/okcomputer/output/raw_images/MUZEM_123_Yellow_gold_ring_AN1890.jpg,2026-02-22T02:01:25.821758
MUZEM_124,Yellow gold ring AN1924,Ring,18k Yellow Gold,Yellow Gold,75.000.000,75.000.000.,In stock,https://muzem.co/en/shop/yellow-gold/yellow-gold-rings/white-gold-ring-an1924/,https://muzem.co/wp-content/uploads/2025/03/AN1924.1.jpg,MUZEM_124_Yellow_gold_ring_AN1924.jpg,/mnt/okcomputer/output/raw_images/MUZEM_124_Yellow_gold_ring_AN1924.jpg,2026-02-22T02:01:25.821758
MUZEM_125,Yellow gold ring AN1956,Ring,18k Yellow Gold,,2.800.000,2.800.000.,In stock,https://muzem.co/en/shop/stones-and-their-shapes/round/yellow-gold-ring-an1956/,https://muzem.co/wp-content/uploads/2025/03/AN1956-1.jpg,MUZEM_125_Yellow_gold_ring_AN1956.jpg,/mnt/okcomputer/output/raw_images/MUZEM_125_Yellow_gold_ring_AN1956.jpg,2026-02-22T02:01:25.821758
MUZEM_126,Yellow gold ring AN1958,Ring,18k Yellow Gold,,11.000.000,11.000.000.,In stock,https://muzem.co/en/shop/stones-and-their-shapes/cabochon/yellow-gold-ring-an1958/,https://muzem.co/wp-content/uploads/2025/03/AN1958-1.jpg,MUZEM_126_Yellow_gold_ring_AN1958.jpg,/mnt/okcomputer/output/raw_images/MUZEM_126_Yellow_gold_ring_AN1958.jpg,2026-02-22T02:01:25.821758
MUZEM_127,Yellow gold ring AN2072,Ring,18k Yellow Gold,,3.200.000,3.200.000.,In stock,https://muzem.co/en/shop/stones-and-their-shapes/marquise/yellow-gold-ring-an2072/,https://muzem.co/wp-content/uploads/2025/03/AN2072-2.jpg,MUZEM_127_Yellow_gold_ring_AN2072.jpg,/mnt/okcomputer/output/raw_images/MUZEM_127_Yellow_gold_ring_AN2072.jpg,2026-02-22T02:01:25.821758
MUZEM_128,Yellow gold ring AN2169,Ring,18k Yellow Gold,,18.000.000,18.000.000.,In stock,https://muzem.co/en/shop/stones-and-their-shapes/teardrop/yellow-gold-ring-an2169/,https://muzem.co/wp-content/uploads/2025/06/AN2169-3.jpg,MUZEM_128_Yellow_gold_ring_AN2169.jpg,/mnt/okcomputer/output/raw_images/MUZEM_128_Yellow_gold_ring_AN2169.jpg,2026-02-22T02:01:25.821758
MUZEM_129,Yellow gold ring AN2177,Ring,18k Yellow Gold,,50.000.000,50.000.000.,In stock,https://muzem.co/en/shop/stones-and-their-shapes/marquise/yellow-gold-ring-an2177/,https://muzem.co/wp-content/uploads/2025/06/AN2177-4.jpg,MUZEM_129_Yellow_gold_ring_AN2177.jpg,/mnt/okcomputer/output/raw_images/MUZEM_129_Yellow_gold_ring_AN2177.jpg,2026-02-22T02:01:25.821758
MUZEM_130,Yellow gold ring AN2183,Ring,18k Yellow Gold,,35.000.000,35.000.000.,In stock,https://muzem.co/en/shop/stones-and-their-shapes/rectangular/yellow-gold-ring-an2183/,https://muzem.co/wp-content/uploads/2025/07/AN2183-4.jpg,MUZEM_130_Yellow_gold_ring_AN2183.jpg,/mnt/okcomputer/output/raw_images/MUZEM_130_Yellow_gold_ring_AN2183.jpg,2026-02-22T02:01:25.821758
MUZEM_131,Yellow gold ring AN2184,Ring,18k Yellow Gold,,24.000.000,24.000.000.,In stock,https://muzem.co/en/shop/stones-and-their-shapes/rectangular/yellow-gold-ring-an2184/,https://muzem.co/wp-content/uploads/2025/07/AN2184-3.jpg,MUZEM_131_Yellow_gold_ring_AN2184.jpg,/mnt/okcomputer/output/raw_images/MUZEM_131_Yellow_gold_ring_AN2184.jpg,2026-02-22T02:01:25.821758
MUZEM_132,Yellow gold ring AN2216,Ring,18k Yellow Gold,,29.000.000,29.000.000.,In stock,https://muzem.co/en/shop/stones-and-their-shapes/square/yellow-gold-ring-an2216/,https://muzem.co/wp-content/uploads/2025/07/AN2216-3.jpg,MUZEM_132_Yellow_gold_ring_AN2216.jpg,/mnt/okcomputer/output/raw_images/MUZEM_132_Yellow_gold_ring_AN2216.jpg,2026-02-22T02:01:25.821758
